timestamp,price,demand
2025-10-01T00:00:00+10:00,25.796,20451.93
2025-10-01T00:05:00+10:00,29.506,20443.37
2025-10-01T00:10:00+10:00,26.118,20391.13
2025-10-01T00:15:00+10:00,34.272,20348.11
2025-10-01T00:20:00+10:00,29.218,20213.93
2025-10-01T00:25:00+10:00,27.264,20116.28
2025-10-01T00:30:00+10:00,26.718,20000.71
2025-10-01T00:35:00+10:00,25.904,19904.92
2025-10-01T00:40:00+10:00,26.696,19914.37
2025-10-01T00:45:00+10:00,26.11,19851.06
2025-10-01T00:50:00+10:00,28.712,19857.85
2025-10-01T00:55:00+10:00,25.964,19726.98
2025-10-01T01:00:00+10:00,25.89,19661.33
2025-10-01T01:05:00+10:00,26.968,19614.56
2025-10-01T01:10:00+10:00,30.086,19523.02
2025-10-01T01:15:00+10:00,24.842,19392.47
2025-10-01T01:20:00+10:00,25.464,19315.81
2025-10-01T01:25:00+10:00,22.418,19209.86
2025-10-01T01:30:00+10:00,23.128,19153.03
2025-10-01T01:35:00+10:00,24.62,19027.35
2025-10-01T01:40:00+10:00,26.976,19134.82
2025-10-01T01:45:00+10:00,23.97,18993.42
2025-10-01T01:50:00+10:00,23.962,18948.46
2025-10-01T01:55:00+10:00,21.684,18900.63
2025-10-01T02:00:00+10:00,18.706,18797.1
2025-10-01T02:05:00+10:00,21.96,18763.9
2025-10-01T02:10:00+10:00,24.67,18732.84
2025-10-01T02:15:00+10:00,22.46,18779.52
2025-10-01T02:20:00+10:00,19.132,18628.98
2025-10-01T02:25:00+10:00,17.098,18619.52
2025-10-01T02:30:00+10:00,17.204,18530.43
2025-10-01T02:35:00+10:00,20.694,18495.32
2025-10-01T02:40:00+10:00,21.256,18502.93
2025-10-01T02:45:00+10:00,17.336,18410.27
2025-10-01T02:50:00+10:00,18.242,18379.89
2025-10-01T02:55:00+10:00,17.194,18318.89
2025-10-01T03:00:00+10:00,16.664,18304.93
2025-10-01T03:05:00+10:00,15.588,18138.4
2025-10-01T03:10:00+10:00,17.352,18259.6
2025-10-01T03:15:00+10:00,16.098,18161.56
2025-10-01T03:20:00+10:00,20.99,18200.95
2025-10-01T03:25:00+10:00,16.262,18095.69
2025-10-01T03:30:00+10:00,17.258,18206.5
2025-10-01T03:35:00+10:00,17.242,18131.35
2025-10-01T03:40:00+10:00,17.702,18155.36
2025-10-01T03:45:00+10:00,20.194,18168.97
2025-10-01T03:50:00+10:00,17.07,18147.13
2025-10-01T03:55:00+10:00,18.882,18056.81
2025-10-01T04:00:00+10:00,18.954,18048.11
2025-10-01T04:05:00+10:00,18.674,18117.48
2025-10-01T04:10:00+10:00,18.64,18158.39
2025-10-01T04:15:00+10:00,19.216,18213.58
2025-10-01T04:20:00+10:00,18.674,18143.27
2025-10-01T04:25:00+10:00,18.656,18186.24
2025-10-01T04:30:00+10:00,18.656,18156.08
2025-10-01T04:35:00+10:00,18.664,18222.4
2025-10-01T04:40:00+10:00,18.898,18280.93
2025-10-01T04:45:00+10:00,22.36,18347.73
2025-10-01T04:50:00+10:00,22.342,18388.11
2025-10-01T04:55:00+10:00,22.368,18475.35
2025-10-01T05:00:00+10:00,22.376,18540.51
2025-10-01T05:05:00+10:00,19.108,18594.54
2025-10-01T05:10:00+10:00,24.654,18820.37
2025-10-01T05:15:00+10:00,25.284,18941.02
2025-10-01T05:20:00+10:00,,18991.98
2025-10-01T05:25:00+10:00,,19022.38
2025-10-01T05:30:00+10:00,,19070.17
2025-10-01T05:35:00+10:00,,19236.84
2025-10-01T05:40:00+10:00,,19372.84
2025-10-01T05:45:00+10:00,,19355.59
2025-10-01T05:50:00+10:00,22.11,19530.56
2025-10-01T05:55:00+10:00,23.008,19563.72
2025-10-01T06:00:00+10:00,25.376,19648.48
2025-10-01T06:05:00+10:00,9.7,19668.19
2025-10-01T06:10:00+10:00,23.008,20053.39
2025-10-01T06:15:00+10:00,23.028,20056.29
2025-10-01T06:20:00+10:00,22.994,20305.63
2025-10-01T06:25:00+10:00,13.564,20202.69
2025-10-01T06:30:00+10:00,9.034,20393.25
2025-10-01T06:35:00+10:00,9.6,20316.13
2025-10-01T06:40:00+10:00,9.592,20501.86
2025-10-01T06:45:00+10:00,9.422,20391.87
2025-10-01T06:50:00+10:00,5.578,20413.82
2025-10-01T06:55:00+10:00,-7.428,20307.86
2025-10-01T07:00:00+10:00,-6.836,20375.3
2025-10-01T07:05:00+10:00,1.12,20231.35
2025-10-01T07:10:00+10:00,,20263.72
2025-10-01T07:15:00+10:00,,20262.98
2025-10-01T07:20:00+10:00,,20197.38
2025-10-01T07:25:00+10:00,,20172.47
2025-10-01T07:30:00+10:00,,20076.38
2025-10-01T07:35:00+10:00,,19840.44
2025-10-01T07:40:00+10:00,,19753.46
2025-10-01T07:45:00+10:00,-5.556,19583.26
2025-10-01T07:50:00+10:00,0.904,19536.61
2025-10-01T07:55:00+10:00,-10.596,19401.55
2025-10-01T08:00:00+10:00,-13.256,19311.96
2025-10-01T08:05:00+10:00,-9.158,19114.38
2025-10-01T08:10:00+10:00,-5.69,19179.43
2025-10-01T08:15:00+10:00,-7.696,19148.99
2025-10-01T08:20:00+10:00,-8.428,19098.3
2025-10-01T08:25:00+10:00,-9.988,18922.64
2025-10-01T08:30:00+10:00,-8.316,18568.78
2025-10-01T08:35:00+10:00,-7.022,18240.35
2025-10-01T08:40:00+10:00,-6.886,18199.61
2025-10-01T08:45:00+10:00,-9.188,17870.0
2025-10-01T08:50:00+10:00,-7.74,17701.84
2025-10-01T08:55:00+10:00,-8.666,17471.0
2025-10-01T09:00:00+10:00,-14.676,17413.59
2025-10-01T09:05:00+10:00,-8.738,17398.35
2025-10-01T09:10:00+10:00,-4.252,17378.03
2025-10-01T09:15:00+10:00,-16.814,17017.3
2025-10-01T09:20:00+10:00,-13.798,17021.57
2025-10-01T09:25:00+10:00,-9.654,16946.41
2025-10-01T09:30:00+10:00,-8.674,16906.47
2025-10-01T09:35:00+10:00,-8.542,16865.54
2025-10-01T09:40:00+10:00,-12.81,16757.67
2025-10-01T09:45:00+10:00,-8.664,17009.31
2025-10-01T09:50:00+10:00,-8.452,16872.88
2025-10-01T09:55:00+10:00,-9.63,16555.72
2025-10-01T10:00:00+10:00,-9.612,16500.25
2025-10-01T10:05:00+10:00,-12.37,16477.45
2025-10-01T10:10:00+10:00,-8.526,16569.61
2025-10-01T10:15:00+10:00,-9.648,16295.06
2025-10-01T10:20:00+10:00,-10.676,16273.67
2025-10-01T10:25:00+10:00,-11.646,16131.42
2025-10-01T10:30:00+10:00,-10.298,16261.75
2025-10-01T10:35:00+10:00,-9.39,16361.2
2025-10-01T10:40:00+10:00,-11.614,16238.98
2025-10-01T10:45:00+10:00,-13.246,16125.39
2025-10-01T10:50:00+10:00,-6.12,16082.85
2025-10-01T10:55:00+10:00,-9.382,15920.63
2025-10-01T11:00:00+10:00,-13.86,15850.66
2025-10-01T11:05:00+10:00,-11.224,16000.34
2025-10-01T11:10:00+10:00,-10.206,15956.32
2025-10-01T11:15:00+10:00,-9.354,15860.65
2025-10-01T11:20:00+10:00,-10.258,15770.34
2025-10-01T11:25:00+10:00,-10.166,15834.16
2025-10-01T11:30:00+10:00,-15.562,15548.38
2025-10-01T11:35:00+10:00,-5.308,15585.75
2025-10-01T11:40:00+10:00,-9.574,15908.28
2025-10-01T11:45:00+10:00,-9.148,15937.38
2025-10-01T11:50:00+10:00,-11.104,15874.31
2025-10-01T11:55:00+10:00,-6.232,16017.49
2025-10-01T12:00:00+10:00,-4.896,16010.73
2025-10-01T12:05:00+10:00,-8.874,15881.43
2025-10-01T12:10:00+10:00,-4.86,15966.11
2025-10-01T12:15:00+10:00,-12.512,15815.21
2025-10-01T12:20:00+10:00,-9.142,15814.28
2025-10-01T12:25:00+10:00,-9.512,15536.15
2025-10-01T12:30:00+10:00,-10.394,15401.31
2025-10-01T12:35:00+10:00,-12.358,15122.44
2025-10-01T12:40:00+10:00,-11.522,15514.49
2025-10-01T12:45:00+10:00,-11.834,15403.75
2025-10-01T12:50:00+10:00,-5.798,15452.04
2025-10-01T12:55:00+10:00,-10.108,15444.79
2025-10-01T13:00:00+10:00,-11.522,15563.89
2025-10-01T13:05:00+10:00,-10.748,15624.87
2025-10-01T13:10:00+10:00,-4.886,15800.9
2025-10-01T13:15:00+10:00,-9.64,15926.01
2025-10-01T13:20:00+10:00,-3.602,16035.05
2025-10-01T13:25:00+10:00,-2.888,16136.11
2025-10-01T13:30:00+10:00,-6.264,16274.56
2025-10-01T13:35:00+10:00,-2.056,16585.56
2025-10-01T13:40:00+10:00,-2.43,16668.7
2025-10-01T13:45:00+10:00,-8.832,16445.13
2025-10-01T13:50:00+10:00,-7.748,16537.98
2025-10-01T13:55:00+10:00,-9.122,16540.14
2025-10-01T14:00:00+10:00,-11.302,16540.82
2025-10-01T14:05:00+10:00,3.026,16731.61
2025-10-01T14:10:00+10:00,-2.346,16637.56
2025-10-01T14:15:00+10:00,-7.37,16649.49
2025-10-01T14:20:00+10:00,-1.428,16638.88
2025-10-01T14:25:00+10:00,6.256,16930.65
2025-10-01T14:30:00+10:00,6.274,16931.8
2025-10-01T14:35:00+10:00,1.156,17335.57
2025-10-01T14:40:00+10:00,2.044,17463.08
2025-10-01T14:45:00+10:00,6.702,17721.9
2025-10-01T14:50:00+10:00,6.534,17825.15
2025-10-01T14:55:00+10:00,13.412,18245.98
2025-10-01T15:00:00+10:00,9.522,18329.05
2025-10-01T15:05:00+10:00,3.36,18338.29
2025-10-01T15:10:00+10:00,8.786,18471.24
2025-10-01T15:15:00+10:00,-6.808,18700.66
2025-10-01T15:20:00+10:00,-8.862,18630.8
2025-10-01T15:25:00+10:00,-7.938,18929.06
2025-10-01T15:30:00+10:00,-2.01,19202.67
2025-10-01T15:35:00+10:00,5.064,19469.9
2025-10-01T15:40:00+10:00,3.418,19567.9
2025-10-01T15:45:00+10:00,3.194,19857.03
2025-10-01T15:50:00+10:00,3.304,19893.0
2025-10-01T15:55:00+10:00,12.058,20278.95
2025-10-01T16:00:00+10:00,11.958,20389.12
2025-10-01T16:05:00+10:00,4.432,20711.83
2025-10-01T16:10:00+10:00,6.19,20937.46
2025-10-01T16:15:00+10:00,9.28,21050.02
2025-10-01T16:20:00+10:00,15.418,21361.4
2025-10-01T16:25:00+10:00,19.26,21611.26
2025-10-01T16:30:00+10:00,16.738,21804.2
2025-10-01T16:35:00+10:00,12.144,22133.05
2025-10-01T16:40:00+10:00,13.696,22376.02
2025-10-01T16:45:00+10:00,15.066,22578.95
2025-10-01T16:50:00+10:00,28.1,22971.37
2025-10-01T16:55:00+10:00,20.794,23107.07
2025-10-01T17:00:00+10:00,33.004,23366.44
2025-10-01T17:05:00+10:00,36.18,23442.65
2025-10-01T17:10:00+10:00,15.862,23571.62
2025-10-01T17:15:00+10:00,21.328,23821.91
2025-10-01T17:20:00+10:00,37.8,23940.13
2025-10-01T17:25:00+10:00,39.33,24039.08
2025-10-01T17:30:00+10:00,53.4,24241.88
2025-10-01T17:35:00+10:00,60.73,24464.99
2025-10-01T17:40:00+10:00,42.49,24517.42
2025-10-01T17:45:00+10:00,53.76,24982.07
2025-10-01T17:50:00+10:00,50.562,25058.18
2025-10-01T17:55:00+10:00,50.824,25202.49
2025-10-01T18:00:00+10:00,56.89,25382.4
2025-10-01T18:05:00+10:00,66.756,25518.57
2025-10-01T18:10:00+10:00,48.5,25343.14
2025-10-01T18:15:00+10:00,58.428,25567.44
2025-10-01T18:20:00+10:00,62.052,25632.79
2025-10-01T18:25:00+10:00,43.492,25716.72
2025-10-01T18:30:00+10:00,58.11,25903.01
2025-10-01T18:35:00+10:00,53.468,25809.59
2025-10-01T18:40:00+10:00,52.506,25805.95
2025-10-01T18:45:00+10:00,44.904,25855.63
2025-10-01T18:50:00+10:00,42.104,25936.97
2025-10-01T18:55:00+10:00,59.062,25908.24
2025-10-01T19:00:00+10:00,59.626,25720.65
2025-10-01T19:05:00+10:00,40.09,25637.94
2025-10-01T19:10:00+10:00,50.306,25631.35
2025-10-01T19:15:00+10:00,45.548,25494.89
2025-10-01T19:20:00+10:00,38.106,25364.06
2025-10-01T19:25:00+10:00,34.764,25339.85
2025-10-01T19:30:00+10:00,42.628,25196.6
2025-10-01T19:35:00+10:00,35.242,25157.55
2025-10-01T19:40:00+10:00,42.836,25071.82
2025-10-01T19:45:00+10:00,48.766,25013.79
2025-10-01T19:50:00+10:00,50.658,24913.83
2025-10-01T19:55:00+10:00,43.792,24947.33
2025-10-01T20:00:00+10:00,38.522,24707.18
2025-10-01T20:05:00+10:00,37.982,24696.85
2025-10-01T20:10:00+10:00,41.604,24750.07
2025-10-01T20:15:00+10:00,38.58,24586.87
2025-10-01T20:20:00+10:00,37.29,24467.23
2025-10-01T20:25:00+10:00,34.166,24354.28
2025-10-01T20:30:00+10:00,34.706,24239.96
2025-10-01T20:35:00+10:00,35.08,24030.24
2025-10-01T20:40:00+10:00,40.162,24288.26
2025-10-01T20:45:00+10:00,25.454,24014.2
2025-10-01T20:50:00+10:00,27.936,24062.06
2025-10-01T20:55:00+10:00,37.422,24043.66
2025-10-01T21:00:00+10:00,26.902,23787.68
2025-10-01T21:05:00+10:00,29.216,23806.33
2025-10-01T21:10:00+10:00,35.176,23776.69
2025-10-01T21:15:00+10:00,28.13,23655.98
2025-10-01T21:20:00+10:00,27.536,23369.63
2025-10-01T21:25:00+10:00,26.244,23445.56
2025-10-01T21:30:00+10:00,23.972,23215.84
2025-10-01T21:35:00+10:00,32.084,23177.94
2025-10-01T21:40:00+10:00,27.136,23043.3
2025-10-01T21:45:00+10:00,25.168,22995.56
2025-10-01T21:50:00+10:00,28.658,22890.86
2025-10-01T21:55:00+10:00,24.118,22683.88
2025-10-01T22:00:00+10:00,27.362,22572.1
2025-10-01T22:05:00+10:00,25.802,22245.47
2025-10-01T22:10:00+10:00,37.116,22247.2
2025-10-01T22:15:00+10:00,31.348,22186.91
2025-10-01T22:20:00+10:00,28.104,22093.2
2025-10-01T22:25:00+10:00,28.888,21922.69
2025-10-01T22:30:00+10:00,27.382,22088.83
2025-10-01T22:35:00+10:00,20.008,21782.62
2025-10-01T22:40:00+10:00,24.48,21537.15
2025-10-01T22:45:00+10:00,24.124,21442.41
2025-10-01T22:50:00+10:00,25.818,21289.86
2025-10-01T22:55:00+10:00,27.198,21336.41
2025-10-01T23:00:00+10:00,22.542,21240.28
2025-10-01T23:05:00+10:00,25.94,21083.79
2025-10-01T23:10:00+10:00,31.088,21241.21
2025-10-01T23:15:00+10:00,32.458,21308.95
2025-10-01T23:20:00+10:00,26.442,21174.32
2025-10-01T23:25:00+10:00,27.842,21163.93
2025-10-01T23:30:00+10:00,32.296,21079.61
2025-10-01T23:35:00+10:00,31.926,20994.15
2025-10-01T23:40:00+10:00,27.864,21060.28
2025-10-01T23:45:00+10:00,28.866,21011.3
2025-10-01T23:50:00+10:00,29.632,20839.88
2025-10-01T23:55:00+10:00,30.566,20786.57
2025-10-02T00:00:00+10:00,27.73,20591.53
2025-10-02T00:05:00+10:00,27.864,20688.55
2025-10-02T00:10:00+10:00,31.006,20529.95
2025-10-02T00:15:00+10:00,32.928,20484.43
2025-10-02T00:20:00+10:00,29.38,20426.11
2025-10-02T00:25:00+10:00,32.066,20239.61
2025-10-02T00:30:00+10:00,30.536,20246.03
2025-10-02T00:35:00+10:00,27.982,20005.66
2025-10-02T00:40:00+10:00,32.668,19955.04
2025-10-02T00:45:00+10:00,37.938,20032.28
2025-10-02T00:50:00+10:00,33.03,20010.0
2025-10-02T00:55:00+10:00,30.784,19921.0
2025-10-02T01:00:00+10:00,29.802,19819.78
2025-10-02T01:05:00+10:00,26.608,19693.28
2025-10-02T01:10:00+10:00,29.746,19653.54
2025-10-02T01:15:00+10:00,23.268,19606.97
2025-10-02T01:20:00+10:00,20.326,19398.64
2025-10-02T01:25:00+10:00,25.79,19238.79
2025-10-02T01:30:00+10:00,27.648,19280.83
2025-10-02T01:35:00+10:00,28.796,19249.87
2025-10-02T01:40:00+10:00,27.644,19118.54
2025-10-02T01:45:00+10:00,26.742,19135.64
2025-10-02T01:50:00+10:00,27.372,19124.44
2025-10-02T01:55:00+10:00,21.592,18999.99
2025-10-02T02:00:00+10:00,22.59,18960.9
2025-10-02T02:05:00+10:00,24.47,18814.38
2025-10-02T02:10:00+10:00,26.712,18764.23
2025-10-02T02:15:00+10:00,17.594,18767.89
2025-10-02T02:20:00+10:00,27.05,18792.64
2025-10-02T02:25:00+10:00,21.586,18710.04
2025-10-02T02:30:00+10:00,,
2025-10-02T02:35:00+10:00,24.47,18530.18
2025-10-02T02:40:00+10:00,25.776,18638.02
2025-10-02T02:45:00+10:00,25.988,18530.36
2025-10-02T02:50:00+10:00,25.77,18507.24
2025-10-02T02:55:00+10:00,25.144,18478.76
2025-10-02T03:00:00+10:00,10.032,18402.95
2025-10-02T03:05:00+10:00,21.434,18300.32
2025-10-02T03:10:00+10:00,22.234,18376.11
2025-10-02T03:15:00+10:00,21.434,18311.21
2025-10-02T03:20:00+10:00,22.582,18337.85
2025-10-02T03:25:00+10:00,20.838,18218.11
2025-10-02T03:30:00+10:00,22.804,18330.0
2025-10-02T03:35:00+10:00,22.81,18220.74
2025-10-02T03:40:00+10:00,21.982,18275.13
2025-10-02T03:45:00+10:00,22.234,18270.64
2025-10-02T03:50:00+10:00,18.236,18286.85
2025-10-02T03:55:00+10:00,22.804,18274.29
2025-10-02T04:00:00+10:00,23.232,18287.38
2025-10-02T04:05:00+10:00,17.528,18298.19
2025-10-02T04:10:00+10:00,16.436,18442.89
2025-10-02T04:15:00+10:00,16.986,18399.22
2025-10-02T04:20:00+10:00,16.812,18350.8
2025-10-02T04:25:00+10:00,17.718,18437.08
2025-10-02T04:30:00+10:00,20.056,18518.83
2025-10-02T04:35:00+10:00,18.648,18545.11
2025-10-02T04:40:00+10:00,17.79,18517.17
2025-10-02T04:45:00+10:00,23.704,18627.47
2025-10-02T04:50:00+10:00,18.63,18647.91
2025-10-02T04:55:00+10:00,23.486,18802.94
2025-10-02T05:00:00+10:00,18.966,18735.55
2025-10-02T05:05:00+10:00,17.48,18876.02
2025-10-02T05:10:00+10:00,17.59,19087.89
2025-10-02T05:15:00+10:00,20.08,19212.05
2025-10-02T05:20:00+10:00,27.698,19289.41
2025-10-02T05:25:00+10:00,22.0,19346.3
2025-10-02T05:30:00+10:00,27.338,19455.21
2025-10-02T05:35:00+10:00,19.38,19515.57
2025-10-02T05:40:00+10:00,21.014,19610.53
2025-10-02T05:45:00+10:00,19.464,19537.06
2025-10-02T05:50:00+10:00,22.68,19689.41
2025-10-02T05:55:00+10:00,22.534,19730.81
2025-10-02T06:00:00+10:00,14.022,19780.16
2025-10-02T06:05:00+10:00,5.052,19797.72
2025-10-02T06:10:00+10:00,17.844,20116.04
2025-10-02T06:15:00+10:00,8.814,20125.05
2025-10-02T06:20:00+10:00,4.39,20124.45
2025-10-02T06:25:00+10:00,2.746,20122.47
2025-10-02T06:30:00+10:00,-8.228,20089.05
2025-10-02T06:35:00+10:00,-7.464,20203.38
2025-10-02T06:40:00+10:00,-7.922,20436.76
2025-10-02T06:45:00+10:00,-7.132,20345.04
2025-10-02T06:50:00+10:00,-7.54,20335.83
2025-10-02T06:55:00+10:00,-8.362,20172.35
2025-10-02T07:00:00+10:00,-8.104,20116.44
2025-10-02T07:05:00+10:00,-8.186,19964.96
2025-10-02T07:10:00+10:00,-8.17,19737.94
2025-10-02T07:15:00+10:00,-7.858,19741.51
2025-10-02T07:20:00+10:00,-8.198,19658.29
2025-10-02T07:25:00+10:00,-8.318,19640.53
2025-10-02T07:30:00+10:00,-8.11,19490.26
2025-10-02T07:35:00+10:00,-8.224,19324.6
2025-10-02T07:40:00+10:00,-8.434,19093.79
2025-10-02T07:45:00+10:00,-8.214,19066.06
2025-10-02T07:50:00+10:00,-8.304,18808.89
2025-10-02T07:55:00+10:00,-8.344,18679.02
2025-10-02T08:00:00+10:00,-8.194,18418.15
2025-10-02T08:05:00+10:00,-7.778,18094.51
2025-10-02T08:10:00+10:00,-7.64,18219.41
2025-10-02T08:15:00+10:00,-8.448,17954.36
2025-10-02T08:20:00+10:00,-9.206,17619.0
2025-10-02T08:25:00+10:00,-9.4,17324.83
2025-10-02T08:30:00+10:00,-9.502,17123.79
2025-10-02T08:35:00+10:00,-9.904,17036.19
2025-10-02T08:40:00+10:00,-19.636,16923.94
2025-10-02T08:45:00+10:00,-10.726,16822.93
2025-10-02T08:50:00+10:00,-9.898,16620.03
2025-10-02T08:55:00+10:00,-11.118,16413.93
2025-10-02T09:00:00+10:00,-16.248,16270.03
2025-10-02T09:05:00+10:00,-11.674,16394.28
2025-10-02T09:10:00+10:00,-11.35,16371.95
2025-10-02T09:15:00+10:00,-12.076,16050.76
2025-10-02T09:20:00+10:00,-13.802,16072.97
2025-10-02T09:25:00+10:00,-12.592,16081.04
2025-10-02T09:30:00+10:00,-23.922,15744.95
2025-10-02T09:35:00+10:00,-13.184,15993.42
2025-10-02T09:40:00+10:00,-12.33,15496.46
2025-10-02T09:45:00+10:00,-15.14,15516.0
2025-10-02T09:50:00+10:00,-12.572,15496.96
2025-10-02T09:55:00+10:00,-15.064,15212.5
2025-10-02T10:00:00+10:00,-17.16,15225.24
2025-10-02T10:05:00+10:00,-15.706,14947.78
2025-10-02T10:10:00+10:00,-12.2,15318.68
2025-10-02T10:15:00+10:00,-18.514,14991.55
2025-10-02T10:20:00+10:00,-16.3,15097.81
2025-10-02T10:25:00+10:00,-15.182,14994.29
2025-10-02T10:30:00+10:00,-13.91,14701.2
2025-10-02T10:35:00+10:00,-15.578,14633.06
2025-10-02T10:40:00+10:00,-14.128,14947.21
2025-10-02T10:45:00+10:00,-13.406,14930.97
2025-10-02T10:50:00+10:00,-12.876,14843.29
2025-10-02T10:55:00+10:00,-12.84,14983.22
2025-10-02T11:00:00+10:00,-11.878,15016.07
2025-10-02T11:05:00+10:00,-10.93,15084.97
2025-10-02T11:10:00+10:00,-9.916,15211.69
2025-10-02T11:15:00+10:00,-10.582,15203.95
2025-10-02T11:20:00+10:00,-14.822,15195.89
2025-10-02T11:25:00+10:00,-11.344,15303.74
2025-10-02T11:30:00+10:00,-11.084,15224.92
2025-10-02T11:35:00+10:00,-9.706,15387.67
2025-10-02T11:40:00+10:00,-9.582,15649.47
2025-10-02T11:45:00+10:00,-10.988,15481.34
2025-10-02T11:50:00+10:00,-11.008,15515.08
2025-10-02T11:55:00+10:00,-9.908,15662.79
2025-10-02T12:00:00+10:00,-10.5,15500.44
2025-10-02T12:05:00+10:00,-10.382,15616.02
2025-10-02T12:10:00+10:00,-9.704,15638.71
2025-10-02T12:15:00+10:00,-10.356,15728.59
2025-10-02T12:20:00+10:00,-10.046,15743.61
2025-10-02T12:25:00+10:00,-12.352,15667.26
2025-10-02T12:30:00+10:00,-11.85,15701.25
2025-10-02T12:35:00+10:00,-9.928,15772.48
2025-10-02T12:40:00+10:00,-9.732,15846.16
2025-10-02T12:45:00+10:00,-9.03,15722.05
2025-10-02T12:50:00+10:00,-9.14,15728.36
2025-10-02T12:55:00+10:00,-10.5,15958.92
2025-10-02T13:00:00+10:00,-10.37,16138.89
2025-10-02T13:05:00+10:00,-13.352,16164.29
2025-10-02T13:10:00+10:00,-9.634,16298.07
2025-10-02T13:15:00+10:00,-9.736,16194.25
2025-10-02T13:20:00+10:00,-9.738,16420.76
2025-10-02T13:25:00+10:00,-11.608,16525.74
2025-10-02T13:30:00+10:00,-10.06,16622.87
2025-10-02T13:35:00+10:00,-11.478,16844.27
2025-10-02T13:40:00+10:00,-11.224,16735.07
2025-10-02T13:45:00+10:00,-9.122,16730.47
2025-10-02T13:50:00+10:00,-10.69,16813.65
2025-10-02T13:55:00+10:00,-10.662,16845.15
2025-10-02T14:00:00+10:00,-11.34,16945.92
2025-10-02T14:05:00+10:00,-9.51,17276.73
2025-10-02T14:10:00+10:00,-14.22,17205.39
2025-10-02T14:15:00+10:00,-11.808,17491.63
2025-10-02T14:20:00+10:00,-25.126,17386.11
2025-10-02T14:25:00+10:00,-10.376,17960.58
2025-10-02T14:30:00+10:00,-9.476,17940.84
2025-10-02T14:35:00+10:00,-1.448,18280.39
2025-10-02T14:40:00+10:00,7.96,18618.53
2025-10-02T14:45:00+10:00,-0.19,18718.15
2025-10-02T14:50:00+10:00,6.218,18636.21
2025-10-02T14:55:00+10:00,-12.228,18788.41
2025-10-02T15:00:00+10:00,-12.428,18725.62
2025-10-02T15:05:00+10:00,-16.734,18872.75
2025-10-02T15:10:00+10:00,-7.198,19001.76
2025-10-02T15:15:00+10:00,-6.786,19300.57
2025-10-02T15:20:00+10:00,-0.714,19296.07
2025-10-02T15:25:00+10:00,-6.186,19496.81
2025-10-02T15:30:00+10:00,-4.358,19644.77
2025-10-02T15:35:00+10:00,9.444,20050.01
2025-10-02T15:40:00+10:00,25.518,20144.35
2025-10-02T15:45:00+10:00,-4.352,20458.15
2025-10-02T15:50:00+10:00,-4.838,20630.58
2025-10-02T15:55:00+10:00,1.842,20760.27
2025-10-02T16:00:00+10:00,4.042,21175.34
2025-10-02T16:05:00+10:00,11.406,21271.17
2025-10-02T16:10:00+10:00,0.428,21411.42
2025-10-02T16:15:00+10:00,2.642,21724.32
2025-10-02T16:20:00+10:00,-6.604,21807.09
2025-10-02T16:25:00+10:00,4.932,22072.4
2025-10-02T16:30:00+10:00,19.08,22275.69
2025-10-02T16:35:00+10:00,17.47,22765.59
2025-10-02T16:40:00+10:00,24.784,23053.28
2025-10-02T16:45:00+10:00,26.042,23362.8
2025-10-02T16:50:00+10:00,28.762,23668.38
2025-10-02T16:55:00+10:00,28.926,23648.51
2025-10-02T17:00:00+10:00,6.172,23847.53
2025-10-02T17:05:00+10:00,4.858,23992.74
2025-10-02T17:10:00+10:00,6.876,24007.71
2025-10-02T17:15:00+10:00,18.512,24312.74
2025-10-02T17:20:00+10:00,22.572,24590.82
2025-10-02T17:25:00+10:00,33.242,24793.76
2025-10-02T17:30:00+10:00,32.372,25120.59
2025-10-02T17:35:00+10:00,37.23,25351.14
2025-10-02T17:40:00+10:00,37.326,25426.73
2025-10-02T17:45:00+10:00,48.786,25624.93
2025-10-02T17:50:00+10:00,34.976,25792.04
2025-10-02T17:55:00+10:00,37.804,26013.77
2025-10-02T18:00:00+10:00,78.328,26170.03
2025-10-02T18:05:00+10:00,52.16,26132.22
2025-10-02T18:10:00+10:00,63.06,26236.18
2025-10-02T18:15:00+10:00,68.556,26512.13
2025-10-02T18:20:00+10:00,72.28,26569.54
2025-10-02T18:25:00+10:00,79.18,26747.14
2025-10-02T18:30:00+10:00,68.818,26715.2
2025-10-02T18:35:00+10:00,82.604,26824.07
2025-10-02T18:40:00+10:00,55.998,26739.65
2025-10-02T18:45:00+10:00,60.8,26917.7
2025-10-02T18:50:00+10:00,59.466,26856.84
2025-10-02T18:55:00+10:00,59.438,26721.73
2025-10-02T19:00:00+10:00,60.794,26807.85
2025-10-02T19:05:00+10:00,66.268,26704.06
2025-10-02T19:10:00+10:00,61.342,26572.74
2025-10-02T19:15:00+10:00,62.076,26450.99
2025-10-02T19:20:00+10:00,61.606,26227.42
2025-10-02T19:25:00+10:00,65.236,26169.31
2025-10-02T19:30:00+10:00,63.128,26189.37
2025-10-02T19:35:00+10:00,67.604,26009.28
2025-10-02T19:40:00+10:00,61.28,25850.26
2025-10-02T19:45:00+10:00,68.03,25941.06
2025-10-02T19:50:00+10:00,63.876,25837.94
2025-10-02T19:55:00+10:00,68.486,25797.41
2025-10-02T20:00:00+10:00,61.794,25572.35
2025-10-02T20:05:00+10:00,62.894,25564.34
2025-10-02T20:10:00+10:00,57.612,25499.82
2025-10-02T20:15:00+10:00,60.562,25316.36
2025-10-02T20:20:00+10:00,61.062,25202.32
2025-10-02T20:25:00+10:00,57.612,25109.21
2025-10-02T20:30:00+10:00,60.466,25128.38
2025-10-02T20:35:00+10:00,61.674,25020.23
2025-10-02T20:40:00+10:00,64.724,25151.19
2025-10-02T20:45:00+10:00,62.352,25025.66
2025-10-02T20:50:00+10:00,62.958,24963.05
2025-10-02T20:55:00+10:00,60.63,24886.46
2025-10-02T21:00:00+10:00,62.13,24772.3
2025-10-02T21:05:00+10:00,62.77,24463.51
2025-10-02T21:10:00+10:00,67.958,24517.38
2025-10-02T21:15:00+10:00,78.28,24332.16
2025-10-02T21:20:00+10:00,68.426,24133.57
2025-10-02T21:25:00+10:00,45.978,23892.76
2025-10-02T21:30:00+10:00,51.54,23937.8
2025-10-02T21:35:00+10:00,76.64,23939.42
2025-10-02T21:40:00+10:00,51.084,23692.74
2025-10-02T21:45:00+10:00,63.84,23462.98
2025-10-02T21:50:00+10:00,39.492,23205.18
2025-10-02T21:55:00+10:00,47.234,23228.05
2025-10-02T22:00:00+10:00,34.434,23091.6
2025-10-02T22:05:00+10:00,43.92,22873.1
2025-10-02T22:10:00+10:00,46.096,22869.56
2025-10-02T22:15:00+10:00,39.702,22733.24
2025-10-02T22:20:00+10:00,45.066,22697.38
2025-10-02T22:25:00+10:00,62.648,22624.43
2025-10-02T22:30:00+10:00,47.106,22298.44
2025-10-02T22:35:00+10:00,51.628,22301.75
2025-10-02T22:40:00+10:00,53.414,22173.77
2025-10-02T22:45:00+10:00,59.854,22009.05
2025-10-02T22:50:00+10:00,71.946,21963.62
2025-10-02T22:55:00+10:00,69.222,21765.01
2025-10-02T23:00:00+10:00,54.338,21623.48
2025-10-02T23:05:00+10:00,94.506,21646.25
2025-10-02T23:10:00+10:00,43.406,21685.38
2025-10-02T23:15:00+10:00,55.078,21731.99
2025-10-02T23:20:00+10:00,61.952,21574.14
2025-10-02T23:25:00+10:00,55.866,21357.68
2025-10-02T23:30:00+10:00,60.088,21358.69
2025-10-02T23:35:00+10:00,73.642,21374.46
2025-10-02T23:40:00+10:00,54.106,21254.97
2025-10-02T23:45:00+10:00,69.974,21086.07
2025-10-02T23:50:00+10:00,73.302,21128.88
2025-10-02T23:55:00+10:00,69.818,21012.62
2025-10-03T00:00:00+10:00,75.888,20876.16
2025-10-03T00:05:00+10:00,35.646,20728.59
2025-10-03T00:10:00+10:00,50.128,20815.19
2025-10-03T00:15:00+10:00,86.392,20756.66
2025-10-03T00:20:00+10:00,31.338,20430.32
2025-10-03T00:25:00+10:00,65.478,20453.63
2025-10-03T00:30:00+10:00,70.012,20351.2
2025-10-03T00:35:00+10:00,73.244,20337.76
2025-10-03T00:40:00+10:00,39.698,20207.27
2025-10-03T00:45:00+10:00,26.216,20151.54
2025-10-03T00:50:00+10:00,35.146,20060.75
2025-10-03T00:55:00+10:00,42.656,20003.11
2025-10-03T01:00:00+10:00,30.39,20042.47
2025-10-03T01:05:00+10:00,37.766,19900.07
2025-10-03T01:10:00+10:00,47.868,19883.77
2025-10-03T01:15:00+10:00,21.008,19681.79
2025-10-03T01:20:00+10:00,25.554,19612.46
2025-10-03T01:25:00+10:00,28.718,19599.51
2025-10-03T01:30:00+10:00,31.404,19517.25
2025-10-03T01:35:00+10:00,24.582,19307.2
2025-10-03T01:40:00+10:00,28.536,19244.05
2025-10-03T01:45:00+10:00,29.954,19180.76
2025-10-03T01:50:00+10:00,41.36,19215.19
2025-10-03T01:55:00+10:00,39.998,19034.88
2025-10-03T02:00:00+10:00,32.08,18977.6
2025-10-03T02:05:00+10:00,25.794,18945.49
2025-10-03T02:10:00+10:00,35.772,19038.61
2025-10-03T02:15:00+10:00,36.21,18866.86
2025-10-03T02:20:00+10:00,42.422,18819.48
2025-10-03T02:25:00+10:00,48.682,18796.61
2025-10-03T02:30:00+10:00,42.346,18658.53
2025-10-03T02:35:00+10:00,51.412,18697.63
2025-10-03T02:40:00+10:00,27.464,18537.31
2025-10-03T02:45:00+10:00,30.47,18586.87
2025-10-03T02:50:00+10:00,43.866,18502.74
2025-10-03T02:55:00+10:00,45.952,18514.08
2025-10-03T03:00:00+10:00,45.952,18458.42
2025-10-03T03:05:00+10:00,44.218,18397.47
2025-10-03T03:10:00+10:00,45.832,18386.35
2025-10-03T03:15:00+10:00,44.24,18335.66
2025-10-03T03:20:00+10:00,44.39,18350.08
2025-10-03T03:25:00+10:00,46.254,18331.72
2025-10-03T03:30:00+10:00,45.88,18265.4
2025-10-03T03:35:00+10:00,45.96,18274.09
2025-10-03T03:40:00+10:00,46.126,18337.74
2025-10-03T03:45:00+10:00,37.194,18353.57
2025-10-03T03:50:00+10:00,27.996,18358.05
2025-10-03T03:55:00+10:00,30.148,18196.11
2025-10-03T04:00:00+10:00,30.368,18265.25
2025-10-03T04:05:00+10:00,35.462,18304.84
2025-10-03T04:10:00+10:00,35.17,18403.56
2025-10-03T04:15:00+10:00,34.644,18438.56
2025-10-03T04:20:00+10:00,38.272,18495.07
2025-10-03T04:25:00+10:00,38.574,18453.75
2025-10-03T04:30:00+10:00,35.744,18606.91
2025-10-03T04:35:00+10:00,34.854,18522.96
2025-10-03T04:40:00+10:00,34.79,18693.0
2025-10-03T04:45:00+10:00,28.658,18700.53
2025-10-03T04:50:00+10:00,30.482,18643.8
2025-10-03T04:55:00+10:00,35.752,18798.37
2025-10-03T05:00:00+10:00,34.824,18780.28
2025-10-03T05:05:00+10:00,29.226,18956.64
2025-10-03T05:10:00+10:00,32.522,19059.11
2025-10-03T05:15:00+10:00,43.396,19306.58
2025-10-03T05:20:00+10:00,46.844,19277.81
2025-10-03T05:25:00+10:00,37.824,19337.52
2025-10-03T05:30:00+10:00,36.838,19306.28
2025-10-03T05:35:00+10:00,35.724,19544.87
2025-10-03T05:40:00+10:00,36.112,19611.16
2025-10-03T05:45:00+10:00,32.038,19654.18
2025-10-03T05:50:00+10:00,31.92,19666.91
2025-10-03T05:55:00+10:00,30.47,19667.87
2025-10-03T06:00:00+10:00,33.996,19702.46
2025-10-03T06:05:00+10:00,44.146,19734.83
2025-10-03T06:10:00+10:00,27.626,19897.12
2025-10-03T06:15:00+10:00,26.024,20040.0
2025-10-03T06:20:00+10:00,13.592,20070.97
2025-10-03T06:25:00+10:00,6.768,20134.77
2025-10-03T06:30:00+10:00,-0.978,20090.24
2025-10-03T06:35:00+10:00,2.298,19960.51
2025-10-03T06:40:00+10:00,-0.978,19846.55
2025-10-03T06:45:00+10:00,-1.18,19896.92
2025-10-03T06:50:00+10:00,-1.32,19731.7
2025-10-03T06:55:00+10:00,1.518,19815.08
2025-10-03T07:00:00+10:00,24.518,19658.46
2025-10-03T07:05:00+10:00,5.986,19563.03
2025-10-03T07:10:00+10:00,22.232,19507.19
2025-10-03T07:15:00+10:00,5.712,19563.04
2025-10-03T07:20:00+10:00,23.494,19444.89
2025-10-03T07:25:00+10:00,5.922,19244.7
2025-10-03T07:30:00+10:00,5.324,19116.66
2025-10-03T07:35:00+10:00,6.448,18984.83
2025-10-03T07:40:00+10:00,23.908,18961.68
2025-10-03T07:45:00+10:00,2.388,18721.57
2025-10-03T07:50:00+10:00,-2.102,18493.37
2025-10-03T07:55:00+10:00,0.946,18398.58
2025-10-03T08:00:00+10:00,-1.096,18245.38
2025-10-03T08:05:00+10:00,-1.946,18006.29
2025-10-03T08:10:00+10:00,-1.998,17883.59
2025-10-03T08:15:00+10:00,3.618,17769.76
2025-10-03T08:20:00+10:00,-2.332,17575.43
2025-10-03T08:25:00+10:00,-2.332,17337.57
2025-10-03T08:30:00+10:00,-4.608,17178.21
2025-10-03T08:35:00+10:00,-9.892,16893.08
2025-10-03T08:40:00+10:00,-8.784,16658.38
2025-10-03T08:45:00+10:00,-10.456,16406.0
2025-10-03T08:50:00+10:00,-10.638,16172.48
2025-10-03T08:55:00+10:00,-10.668,15972.12
2025-10-03T09:00:00+10:00,-11.86,15764.46
2025-10-03T09:05:00+10:00,-12.224,15766.09
2025-10-03T09:10:00+10:00,-15.426,15752.22
2025-10-03T09:15:00+10:00,-12.33,15427.27
2025-10-03T09:20:00+10:00,-11.842,15188.89
2025-10-03T09:25:00+10:00,-13.178,15052.79
2025-10-03T09:30:00+10:00,-15.516,14964.73
2025-10-03T09:35:00+10:00,-12.23,14885.69
2025-10-03T09:40:00+10:00,-12.112,15075.69
2025-10-03T09:45:00+10:00,-13.342,14893.65
2025-10-03T09:50:00+10:00,-14.108,14630.69
2025-10-03T09:55:00+10:00,-14.0,14513.05
2025-10-03T10:00:00+10:00,-14.338,14170.43
2025-10-03T10:05:00+10:00,-16.132,14038.05
2025-10-03T10:10:00+10:00,-13.87,14131.98
2025-10-03T10:15:00+10:00,-16.992,14013.41
2025-10-03T10:20:00+10:00,-13.772,14079.91
2025-10-03T10:25:00+10:00,-14.372,13806.57
2025-10-03T10:30:00+10:00,-16.948,13490.51
2025-10-03T10:35:00+10:00,-16.87,13262.56
2025-10-03T10:40:00+10:00,-14.788,13558.83
2025-10-03T10:45:00+10:00,-15.408,13334.42
2025-10-03T10:50:00+10:00,-16.444,13051.3
2025-10-03T10:55:00+10:00,-15.64,13066.8
2025-10-03T11:00:00+10:00,-17.45,12858.44
2025-10-03T11:05:00+10:00,-16.438,13063.19
2025-10-03T11:10:00+10:00,-16.176,13249.66
2025-10-03T11:15:00+10:00,-15.422,13005.63
2025-10-03T11:20:00+10:00,-15.402,13070.71
2025-10-03T11:25:00+10:00,-16.204,12956.24
2025-10-03T11:30:00+10:00,-15.026,13060.11
2025-10-03T11:35:00+10:00,-17.382,12949.31
2025-10-03T11:40:00+10:00,-16.51,13009.07
2025-10-03T11:45:00+10:00,-17.784,12691.01
2025-10-03T11:50:00+10:00,-19.354,12717.53
2025-10-03T11:55:00+10:00,-17.138,12952.33
2025-10-03T12:00:00+10:00,-16.824,12732.94
2025-10-03T12:05:00+10:00,-17.768,12593.97
2025-10-03T12:10:00+10:00,-14.776,12778.39
2025-10-03T12:15:00+10:00,-16.8,12644.8
2025-10-03T12:20:00+10:00,-17.3,12707.51
2025-10-03T12:25:00+10:00,-17.308,12790.2
2025-10-03T12:30:00+10:00,-17.528,12684.91
2025-10-03T12:35:00+10:00,-8.274,12616.76
2025-10-03T12:40:00+10:00,-12.54,12692.15
2025-10-03T12:45:00+10:00,,12856.21
2025-10-03T12:50:00+10:00,,12957.13
2025-10-03T12:55:00+10:00,,12837.1
2025-10-03T13:00:00+10:00,,13005.48
2025-10-03T13:05:00+10:00,,13027.77
2025-10-03T13:10:00+10:00,,13161.6
2025-10-03T13:15:00+10:00,,13015.14
2025-10-03T13:20:00+10:00,-6.702,12957.96
2025-10-03T13:25:00+10:00,-6.902,13110.91
2025-10-03T13:30:00+10:00,-7.19,13100.95
2025-10-03T13:35:00+10:00,-7.404,13303.53
2025-10-03T13:40:00+10:00,-9.48,13341.94
2025-10-03T13:45:00+10:00,-11.458,13422.61
2025-10-03T13:50:00+10:00,-7.586,13441.45
2025-10-03T13:55:00+10:00,-7.184,13560.06
2025-10-03T14:00:00+10:00,-9.624,13360.61
2025-10-03T14:05:00+10:00,-7.314,13733.04
2025-10-03T14:10:00+10:00,-6.372,13705.17
2025-10-03T14:15:00+10:00,-2.988,13917.38
2025-10-03T14:20:00+10:00,-8.458,13922.0
2025-10-03T14:25:00+10:00,-3.35,14122.27
2025-10-03T14:30:00+10:00,-2.694,14290.65
2025-10-03T14:35:00+10:00,-15.704,14453.72
2025-10-03T14:40:00+10:00,-11.0,14671.03
2025-10-03T14:45:00+10:00,-16.042,14721.87
2025-10-03T14:50:00+10:00,-13.226,14935.55
2025-10-03T14:55:00+10:00,-10.622,15229.78
2025-10-03T15:00:00+10:00,-7.638,15528.27
2025-10-03T15:05:00+10:00,-9.368,15533.72
2025-10-03T15:10:00+10:00,-8.598,15828.53
2025-10-03T15:15:00+10:00,-8.578,16072.08
2025-10-03T15:20:00+10:00,-7.986,16419.36
2025-10-03T15:25:00+10:00,-8.692,16493.26
2025-10-03T15:30:00+10:00,-7.368,16760.0
2025-10-03T15:35:00+10:00,-7.692,16889.25
2025-10-03T15:40:00+10:00,-7.684,17156.24
2025-10-03T15:45:00+10:00,-4.428,17486.84
2025-10-03T15:50:00+10:00,-11.054,17816.53
2025-10-03T15:55:00+10:00,-8.034,18134.79
2025-10-03T16:00:00+10:00,0.806,18432.47
2025-10-03T16:05:00+10:00,-1.466,18601.86
2025-10-03T16:10:00+10:00,1.13,18833.85
2025-10-03T16:15:00+10:00,-9.938,19106.08
2025-10-03T16:20:00+10:00,-9.824,19381.3
2025-10-03T16:25:00+10:00,-6.002,19748.34
2025-10-03T16:30:00+10:00,8.382,20022.35
2025-10-03T16:35:00+10:00,3.104,20080.54
2025-10-03T16:40:00+10:00,4.872,20515.25
2025-10-03T16:45:00+10:00,9.234,20907.27
2025-10-03T16:50:00+10:00,8.712,21091.41
2025-10-03T16:55:00+10:00,42.808,21482.57
2025-10-03T17:00:00+10:00,50.174,21723.41
2025-10-03T17:05:00+10:00,43.848,21893.61
2025-10-03T17:10:00+10:00,68.138,22050.85
2025-10-03T17:15:00+10:00,74.578,22260.19
2025-10-03T17:20:00+10:00,88.632,22422.18
2025-10-03T17:25:00+10:00,106.206,22770.89
2025-10-03T17:30:00+10:00,117.04,23059.22
2025-10-03T17:35:00+10:00,103.146,23155.5
2025-10-03T17:40:00+10:00,100.796,23497.03
2025-10-03T17:45:00+10:00,95.302,23627.67
2025-10-03T17:50:00+10:00,97.3,23805.71
2025-10-03T17:55:00+10:00,103.486,23956.92
2025-10-03T18:00:00+10:00,102.974,24176.77
2025-10-03T18:05:00+10:00,99.068,24235.96
2025-10-03T18:10:00+10:00,99.384,24361.77
2025-10-03T18:15:00+10:00,100.694,24556.99
2025-10-03T18:20:00+10:00,121.28,24682.13
2025-10-03T18:25:00+10:00,120.686,24641.09
2025-10-03T18:30:00+10:00,125.114,24770.03
2025-10-03T18:35:00+10:00,116.6,24805.03
2025-10-03T18:40:00+10:00,101.8,24741.87
2025-10-03T18:45:00+10:00,101.876,24971.23
2025-10-03T18:50:00+10:00,118.686,25108.75
2025-10-03T18:55:00+10:00,124.808,24906.27
2025-10-03T19:00:00+10:00,101.35,24832.81
2025-10-03T19:05:00+10:00,146.13,24898.55
2025-10-03T19:10:00+10:00,133.048,24813.25
2025-10-03T19:15:00+10:00,131.374,24738.42
2025-10-03T19:20:00+10:00,127.036,24564.34
2025-10-03T19:25:00+10:00,133.59,24509.68
2025-10-03T19:30:00+10:00,141.028,24476.79
2025-10-03T19:35:00+10:00,124.322,24382.83
2025-10-03T19:40:00+10:00,122.168,24293.42
2025-10-03T19:45:00+10:00,110.24,24315.31
2025-10-03T19:50:00+10:00,123.084,24233.88
2025-10-03T19:55:00+10:00,130.28,24159.03
2025-10-03T20:00:00+10:00,122.816,24064.9
2025-10-03T20:05:00+10:00,139.278,24052.81
2025-10-03T20:10:00+10:00,120.614,23964.84
2025-10-03T20:15:00+10:00,149.6,23915.65
2025-10-03T20:20:00+10:00,124.688,23887.29
2025-10-03T20:25:00+10:00,127.926,23746.58
2025-10-03T20:30:00+10:00,149.644,23707.55
2025-10-03T20:35:00+10:00,,
2025-10-03T20:40:00+10:00,124.628,23785.86
2025-10-03T20:45:00+10:00,136.244,23693.9
2025-10-03T20:50:00+10:00,124.116,23478.19
2025-10-03T20:55:00+10:00,136.132,23616.09
2025-10-03T21:00:00+10:00,134.792,23429.55
2025-10-03T21:05:00+10:00,140.286,23361.85
2025-10-03T21:10:00+10:00,169.686,23413.51
2025-10-03T21:15:00+10:00,158.618,23207.39
2025-10-03T21:20:00+10:00,164.168,23145.52
2025-10-03T21:25:00+10:00,183.746,23215.18
2025-10-03T21:30:00+10:00,,
2025-10-03T21:35:00+10:00,169.882,22950.74
2025-10-03T21:40:00+10:00,171.802,22869.37
2025-10-03T21:45:00+10:00,156.35,22777.26
2025-10-03T21:50:00+10:00,176.258,22688.29
2025-10-03T21:55:00+10:00,155.398,22643.87
2025-10-03T22:00:00+10:00,129.272,22352.44
2025-10-03T22:05:00+10:00,175.588,22297.48
2025-10-03T22:10:00+10:00,134.704,22225.3
2025-10-03T22:15:00+10:00,125.154,22242.45
2025-10-03T22:20:00+10:00,118.938,22000.38
2025-10-03T22:25:00+10:00,114.088,22087.01
2025-10-03T22:30:00+10:00,101.648,21933.04
2025-10-03T22:35:00+10:00,106.888,21792.67
2025-10-03T22:40:00+10:00,112.092,21811.25
2025-10-03T22:45:00+10:00,111.118,21698.74
2025-10-03T22:50:00+10:00,98.682,21546.68
2025-10-03T22:55:00+10:00,97.566,21543.61
2025-10-03T23:00:00+10:00,88.91,21398.29
2025-10-03T23:05:00+10:00,103.846,21487.18
2025-10-03T23:10:00+10:00,93.766,21401.11
2025-10-03T23:15:00+10:00,85.258,21452.06
2025-10-03T23:20:00+10:00,90.078,21303.9
2025-10-03T23:25:00+10:00,86.456,21323.56
2025-10-03T23:30:00+10:00,75.59,21202.43
2025-10-03T23:35:00+10:00,80.334,21092.45
2025-10-03T23:40:00+10:00,82.918,21070.56
2025-10-03T23:45:00+10:00,80.778,21008.9
2025-10-03T23:50:00+10:00,86.22,21007.48
2025-10-03T23:55:00+10:00,83.56,20812.07
2025-10-04T00:00:00+10:00,68.744,20739.33
2025-10-04T00:05:00+10:00,73.644,20713.94
2025-10-04T00:10:00+10:00,86.686,20593.21
2025-10-04T00:15:00+10:00,83.05,20610.02
2025-10-04T00:20:00+10:00,78.656,20392.32
2025-10-04T00:25:00+10:00,69.034,20297.02
2025-10-04T00:30:00+10:00,75.106,20337.25
2025-10-04T00:35:00+10:00,77.912,20193.84
2025-10-04T00:40:00+10:00,59.198,20151.78
2025-10-04T00:45:00+10:00,77.96,20101.3
2025-10-04T00:50:00+10:00,77.73,20133.88
2025-10-04T00:55:00+10:00,68.006,19990.49
2025-10-04T01:00:00+10:00,61.38,19866.86
2025-10-04T01:05:00+10:00,77.71,19739.9
2025-10-04T01:10:00+10:00,78.512,19775.35
2025-10-04T01:15:00+10:00,74.948,19692.59
2025-10-04T01:20:00+10:00,67.584,19610.23
2025-10-04T01:25:00+10:00,67.996,19507.49
2025-10-04T01:30:00+10:00,66.312,19383.39
2025-10-04T01:35:00+10:00,86.564,19434.18
2025-10-04T01:40:00+10:00,65.028,19284.87
2025-10-04T01:45:00+10:00,78.02,19166.94
2025-10-04T01:50:00+10:00,74.062,19058.03
2025-10-04T01:55:00+10:00,76.97,19053.21
2025-10-04T02:00:00+10:00,64.91,18994.29
2025-10-04T02:05:00+10:00,62.77,18931.46
2025-10-04T02:10:00+10:00,92.942,18939.19
2025-10-04T02:15:00+10:00,80.544,18764.26
2025-10-04T02:20:00+10:00,62.854,18775.03
2025-10-04T02:25:00+10:00,87.766,18829.38
2025-10-04T02:30:00+10:00,69.348,18699.03
2025-10-04T02:35:00+10:00,63.002,18516.08
2025-10-04T02:40:00+10:00,92.752,18660.22
2025-10-04T02:45:00+10:00,84.35,18545.25
2025-10-04T02:50:00+10:00,92.406,18660.79
2025-10-04T02:55:00+10:00,84.6,18623.46
2025-10-04T03:00:00+10:00,68.154,18612.17
2025-10-04T03:05:00+10:00,72.828,18448.14
2025-10-04T03:10:00+10:00,85.166,18496.13
2025-10-04T03:15:00+10:00,84.566,18481.87
2025-10-04T03:20:00+10:00,87.042,18435.2
2025-10-04T03:25:00+10:00,87.022,18479.32
2025-10-04T03:30:00+10:00,85.726,18365.03
2025-10-04T03:35:00+10:00,85.826,18412.67
2025-10-04T03:40:00+10:00,85.258,18363.89
2025-10-04T03:45:00+10:00,75.23,18178.0
2025-10-04T03:50:00+10:00,82.854,18250.18
2025-10-04T03:55:00+10:00,87.16,18289.71
2025-10-04T04:00:00+10:00,76.86,18197.71
2025-10-04T04:05:00+10:00,,
2025-10-04T04:10:00+10:00,84.398,18357.55
2025-10-04T04:15:00+10:00,74.19,18202.16
2025-10-04T04:20:00+10:00,75.994,18260.64
2025-10-04T04:25:00+10:00,79.238,18368.84
2025-10-04T04:30:00+10:00,75.526,18291.14
2025-10-04T04:35:00+10:00,80.692,18407.92
2025-10-04T04:40:00+10:00,77.822,18339.45
2025-10-04T04:45:00+10:00,78.11,18324.32
2025-10-04T04:50:00+10:00,78.96,18390.82
2025-10-04T04:55:00+10:00,75.208,18341.96
2025-10-04T05:00:00+10:00,74.806,18311.69
2025-10-04T05:05:00+10:00,80.872,18457.92
2025-10-04T05:10:00+10:00,84.276,18564.21
2025-10-04T05:15:00+10:00,79.85,18588.73
2025-10-04T05:20:00+10:00,93.914,18666.35
2025-10-04T05:25:00+10:00,93.034,18472.73
2025-10-04T05:30:00+10:00,94.0,18584.59
2025-10-04T05:35:00+10:00,80.646,18521.54
2025-10-04T05:40:00+10:00,90.122,18553.45
2025-10-04T05:45:00+10:00,94.222,18602.25
2025-10-04T05:50:00+10:00,93.184,18570.53
2025-10-04T05:55:00+10:00,89.486,18499.57
2025-10-04T06:00:00+10:00,69.636,18337.51
2025-10-04T06:05:00+10:00,76.346,18410.4
2025-10-04T06:10:00+10:00,66.342,18475.05
2025-10-04T06:15:00+10:00,45.096,18383.64
2025-10-04T06:20:00+10:00,44.932,18342.61
2025-10-04T06:25:00+10:00,34.548,18133.39
2025-10-04T06:30:00+10:00,20.2,18110.46
2025-10-04T06:35:00+10:00,15.062,17901.88
2025-10-04T06:40:00+10:00,4.908,17795.7
2025-10-04T06:45:00+10:00,-5.994,17656.09
2025-10-04T06:50:00+10:00,-6.39,17496.07
2025-10-04T06:55:00+10:00,-9.566,17314.14
2025-10-04T07:00:00+10:00,-13.022,17114.54
2025-10-04T07:05:00+10:00,-12.752,17016.63
2025-10-04T07:10:00+10:00,-11.18,16909.63
2025-10-04T07:15:00+10:00,-13.932,16661.45
2025-10-04T07:20:00+10:00,-15.092,16421.9
2025-10-04T07:25:00+10:00,-14.468,16268.42
2025-10-04T07:30:00+10:00,-14.192,16088.98
2025-10-04T07:35:00+10:00,-13.208,15873.03
2025-10-04T07:40:00+10:00,-13.256,15713.9
2025-10-04T07:45:00+10:00,-12.772,15504.56
2025-10-04T07:50:00+10:00,-13.534,15328.17
2025-10-04T07:55:00+10:00,-16.278,14980.91
2025-10-04T08:00:00+10:00,-15.436,14770.81
2025-10-04T08:05:00+10:00,-13.696,14639.07
2025-10-04T08:10:00+10:00,-14.786,14573.97
2025-10-04T08:15:00+10:00,-14.696,14441.05
2025-10-04T08:20:00+10:00,-18.616,14162.46
2025-10-04T08:25:00+10:00,-31.818,13979.81
2025-10-04T08:30:00+10:00,-10.548,13916.59
2025-10-04T08:35:00+10:00,-10.552,13404.25
2025-10-04T08:40:00+10:00,-18.424,13149.5
2025-10-04T08:45:00+10:00,-17.744,12997.62
2025-10-04T08:50:00+10:00,-17.426,12874.82
2025-10-04T08:55:00+10:00,-15.158,12710.94
2025-10-04T09:00:00+10:00,-20.184,12443.39
2025-10-04T09:05:00+10:00,-16.336,12200.92
2025-10-04T09:10:00+10:00,-13.952,12258.11
2025-10-04T09:15:00+10:00,-16.66,11908.92
2025-10-04T09:20:00+10:00,-16.502,11774.63
2025-10-04T09:25:00+10:00,-19.99,11555.45
2025-10-04T09:30:00+10:00,-21.296,11397.83
2025-10-04T09:35:00+10:00,-20.814,11198.22
2025-10-04T09:40:00+10:00,-20.904,11233.88
2025-10-04T09:45:00+10:00,-21.218,11025.56
2025-10-04T09:50:00+10:00,-22.934,10803.83
2025-10-04T09:55:00+10:00,-25.524,10667.71
2025-10-04T10:00:00+10:00,-35.058,10496.31
2025-10-04T10:05:00+10:00,-33.244,10339.72
2025-10-04T10:10:00+10:00,-27.134,10403.03
2025-10-04T10:15:00+10:00,-32.294,10297.4
2025-10-04T10:20:00+10:00,-32.56,10125.74
2025-10-04T10:25:00+10:00,-32.458,9964.4
2025-10-04T10:30:00+10:00,-33.572,9932.56
2025-10-04T10:35:00+10:00,-31.668,9714.45
2025-10-04T10:40:00+10:00,-26.012,9850.9
2025-10-04T10:45:00+10:00,-32.824,9653.59
2025-10-04T10:50:00+10:00,-31.148,9638.79
2025-10-04T10:55:00+10:00,-33.426,9393.35
2025-10-04T11:00:00+10:00,-40.786,9314.74
2025-10-04T11:05:00+10:00,-34.364,9191.59
2025-10-04T11:10:00+10:00,-24.856,9461.48
2025-10-04T11:15:00+10:00,-33.444,9335.0
2025-10-04T11:20:00+10:00,-31.51,9221.55
2025-10-04T11:25:00+10:00,-33.078,9296.13
2025-10-04T11:30:00+10:00,-38.568,9348.01
2025-10-04T11:35:00+10:00,-27.28,9365.08
2025-10-04T11:40:00+10:00,-25.72,9290.96
2025-10-04T11:45:00+10:00,-27.222,9263.03
2025-10-04T11:50:00+10:00,-33.142,9299.98
2025-10-04T11:55:00+10:00,-32.736,9337.31
2025-10-04T12:00:00+10:00,-32.876,9155.11
2025-10-04T12:05:00+10:00,-29.232,9198.31
2025-10-04T12:10:00+10:00,-25.032,9417.66
2025-10-04T12:15:00+10:00,-27.84,9287.48
2025-10-04T12:20:00+10:00,-32.376,9395.44
2025-10-04T12:25:00+10:00,-29.188,9285.35
2025-10-04T12:30:00+10:00,-27.692,9319.87
2025-10-04T12:35:00+10:00,-29.124,9356.81
2025-10-04T12:40:00+10:00,-33.976,9355.19
2025-10-04T12:45:00+10:00,-28.482,9284.57
2025-10-04T12:50:00+10:00,-27.174,9272.55
2025-10-04T12:55:00+10:00,-31.348,9249.63
2025-10-04T13:00:00+10:00,-34.936,9319.11
2025-10-04T13:05:00+10:00,-33.452,9255.25
2025-10-04T13:10:00+10:00,-29.634,9427.61
2025-10-04T13:15:00+10:00,-28.966,9334.13
2025-10-04T13:20:00+10:00,-33.064,9457.96
2025-10-04T13:25:00+10:00,-29.416,9519.04
2025-10-04T13:30:00+10:00,-32.754,9619.62
2025-10-04T13:35:00+10:00,-29.418,9658.93
2025-10-04T13:40:00+10:00,-31.22,9857.35
2025-10-04T13:45:00+10:00,-37.796,9867.82
2025-10-04T13:50:00+10:00,-38.812,9982.72
2025-10-04T13:55:00+10:00,-41.67,10227.42
2025-10-04T14:00:00+10:00,-39.786,10365.78
2025-10-04T14:05:00+10:00,-37.018,10459.5
2025-10-04T14:10:00+10:00,-41.136,10593.91
2025-10-04T14:15:00+10:00,-40.782,10761.17
2025-10-04T14:20:00+10:00,-36.408,10897.72
2025-10-04T14:25:00+10:00,-28.842,11065.07
2025-10-04T14:30:00+10:00,-38.556,11210.92
2025-10-04T14:35:00+10:00,-37.412,11455.59
2025-10-04T14:40:00+10:00,-35.586,11692.5
2025-10-04T14:45:00+10:00,-30.958,11872.73
2025-10-04T14:50:00+10:00,-27.37,12065.79
2025-10-04T14:55:00+10:00,-19.23,12297.95
2025-10-04T15:00:00+10:00,-27.538,12443.79
2025-10-04T15:05:00+10:00,-24.0,12859.61
2025-10-04T15:10:00+10:00,-18.594,13008.88
2025-10-04T15:15:00+10:00,-24.048,13276.32
2025-10-04T15:20:00+10:00,-25.536,13539.06
2025-10-04T15:25:00+10:00,-15.51,13927.08
2025-10-04T15:30:00+10:00,-19.742,14164.09
2025-10-04T15:35:00+10:00,-16.038,14343.26
2025-10-04T15:40:00+10:00,-11.384,14795.97
2025-10-04T15:45:00+10:00,-9.026,14929.26
2025-10-04T15:50:00+10:00,-9.21,15340.11
2025-10-04T15:55:00+10:00,-3.842,15711.55
2025-10-04T16:00:00+10:00,-1.472,15979.49
2025-10-04T16:05:00+10:00,-8.61,16386.07
2025-10-04T16:10:00+10:00,-2.94,16600.39
2025-10-04T16:15:00+10:00,16.708,17009.96
2025-10-04T16:20:00+10:00,16.736,17205.15
2025-10-04T16:25:00+10:00,11.122,17577.16
2025-10-04T16:30:00+10:00,18.162,17867.6
2025-10-04T16:35:00+10:00,-4.064,18256.18
2025-10-04T16:40:00+10:00,-3.66,18390.83
2025-10-04T16:45:00+10:00,29.466,18883.08
2025-10-04T16:50:00+10:00,41.92,19418.81
2025-10-04T16:55:00+10:00,66.346,19777.29
2025-10-04T17:00:00+10:00,68.254,19995.37
2025-10-04T17:05:00+10:00,44.26,20216.18
2025-10-04T17:10:00+10:00,44.33,20341.67
2025-10-04T17:15:00+10:00,58.916,20571.17
2025-10-04T17:20:00+10:00,65.762,20746.51
2025-10-04T17:25:00+10:00,80.746,20942.99
2025-10-04T17:30:00+10:00,79.74,21153.77
2025-10-04T17:35:00+10:00,67.958,21387.8
2025-10-04T17:40:00+10:00,66.304,21611.44
2025-10-04T17:45:00+10:00,98.634,21767.76
2025-10-04T17:50:00+10:00,71.746,21777.42
2025-10-04T17:55:00+10:00,106.724,22102.69
2025-10-04T18:00:00+10:00,106.328,22103.36
2025-10-04T18:05:00+10:00,88.388,22404.3
2025-10-04T18:10:00+10:00,88.83,22534.09
2025-10-04T18:15:00+10:00,112.976,22618.08
2025-10-04T18:20:00+10:00,113.698,22661.4
2025-10-04T18:25:00+10:00,118.9,22772.71
2025-10-04T18:30:00+10:00,102.548,22846.82
2025-10-04T18:35:00+10:00,99.946,22920.99
2025-10-04T18:40:00+10:00,96.962,22922.3
2025-10-04T18:45:00+10:00,90.808,22947.01
2025-10-04T18:50:00+10:00,86.648,22849.72
2025-10-04T18:55:00+10:00,90.216,22903.41
2025-10-04T19:00:00+10:00,92.9,22791.0
2025-10-04T19:05:00+10:00,91.342,22800.33
2025-10-04T19:10:00+10:00,69.038,22595.2
2025-10-04T19:15:00+10:00,77.866,22667.21
2025-10-04T19:20:00+10:00,81.518,22560.6
2025-10-04T19:25:00+10:00,64.018,22408.81
2025-10-04T19:30:00+10:00,84.216,22520.19
2025-10-04T19:35:00+10:00,60.04,22230.63
2025-10-04T19:40:00+10:00,64.26,22224.34
2025-10-04T19:45:00+10:00,56.886,22311.15
2025-10-04T19:50:00+10:00,65.17,22160.09
2025-10-04T19:55:00+10:00,57.118,22138.16
2025-10-04T20:00:00+10:00,67.198,22100.5
2025-10-04T20:05:00+10:00,53.144,21908.19
2025-10-04T20:10:00+10:00,55.566,21914.54
2025-10-04T20:15:00+10:00,50.404,21836.23
2025-10-04T20:20:00+10:00,49.694,21695.81
2025-10-04T20:25:00+10:00,52.888,21750.26
2025-10-04T20:30:00+10:00,53.826,21648.61
2025-10-04T20:35:00+10:00,36.422,21450.94
2025-10-04T20:40:00+10:00,38.656,21661.93
2025-10-04T20:45:00+10:00,37.324,21557.81
2025-10-04T20:50:00+10:00,32.95,21427.89
2025-10-04T20:55:00+10:00,35.88,21431.68
2025-10-04T21:00:00+10:00,33.582,21265.87
2025-10-04T21:05:00+10:00,34.818,21228.57
2025-10-04T21:10:00+10:00,36.392,21347.32
2025-10-04T21:15:00+10:00,28.554,21028.82
2025-10-04T21:20:00+10:00,27.134,20921.03
2025-10-04T21:25:00+10:00,28.15,21063.2
2025-10-04T21:30:00+10:00,26.73,20981.44
2025-10-04T21:35:00+10:00,26.42,20953.59
2025-10-04T21:40:00+10:00,26.226,20837.27
2025-10-04T21:45:00+10:00,23.386,20795.26
2025-10-04T21:50:00+10:00,22.162,20668.0
2025-10-04T21:55:00+10:00,22.064,20581.56
2025-10-04T22:00:00+10:00,22.232,20535.29
2025-10-04T22:05:00+10:00,29.238,20328.4
2025-10-04T22:10:00+10:00,27.052,20365.07
2025-10-04T22:15:00+10:00,26.836,20317.21
2025-10-04T22:20:00+10:00,24.55,20226.68
2025-10-04T22:25:00+10:00,25.108,20248.09
2025-10-04T22:30:00+10:00,21.698,20132.22
2025-10-04T22:35:00+10:00,24.37,20087.13
2025-10-04T22:40:00+10:00,24.672,20173.37
2025-10-04T22:45:00+10:00,25.672,20046.17
2025-10-04T22:50:00+10:00,23.568,19992.94
2025-10-04T22:55:00+10:00,21.698,19890.47
2025-10-04T23:00:00+10:00,22.266,19793.08
2025-10-04T23:05:00+10:00,24.022,19691.24
2025-10-04T23:10:00+10:00,25.602,19804.55
2025-10-04T23:15:00+10:00,25.602,19854.6
2025-10-04T23:20:00+10:00,24.55,19748.72
2025-10-04T23:25:00+10:00,25.606,19650.7
2025-10-04T23:30:00+10:00,24.408,19600.22
2025-10-04T23:35:00+10:00,22.33,19607.49
2025-10-04T23:40:00+10:00,25.002,19568.3
2025-10-04T23:45:00+10:00,24.692,19458.75
2025-10-04T23:50:00+10:00,23.83,19321.32
2025-10-04T23:55:00+10:00,22.454,19289.18
2025-10-05T00:00:00+10:00,,19232.69
2025-10-05T00:05:00+10:00,23.476,19123.17
2025-10-05T00:10:00+10:00,30.34,19236.36
2025-10-05T00:15:00+10:00,24.816,19108.15
2025-10-05T00:20:00+10:00,24.806,19025.41
2025-10-05T00:25:00+10:00,23.352,18918.32
2025-10-05T00:30:00+10:00,23.352,18841.0
2025-10-05T00:35:00+10:00,23.352,18749.9
2025-10-05T00:40:00+10:00,,18828.83
2025-10-05T00:45:00+10:00,23.174,18652.23
2025-10-05T00:50:00+10:00,22.548,18587.84
2025-10-05T00:55:00+10:00,23.312,18563.89
2025-10-05T01:00:00+10:00,21.568,18567.15
2025-10-05T01:05:00+10:00,24.696,18417.49
2025-10-05T01:10:00+10:00,27.688,18430.17
2025-10-05T01:15:00+10:00,24.108,18358.28
2025-10-05T01:20:00+10:00,24.106,18238.37
2025-10-05T01:25:00+10:00,23.454,18135.95
2025-10-05T01:30:00+10:00,19.814,17990.41
2025-10-05T01:35:00+10:00,23.178,17988.52
2025-10-05T01:40:00+10:00,23.222,17955.36
2025-10-05T01:45:00+10:00,24.31,17992.68
2025-10-05T01:50:00+10:00,22.268,17831.83
2025-10-05T01:55:00+10:00,21.438,17854.61
2025-10-05T02:00:00+10:00,20.886,17698.21
2025-10-05T02:05:00+10:00,21.612,17691.8
2025-10-05T02:10:00+10:00,22.252,17759.25
2025-10-05T02:15:00+10:00,23.21,17629.56
2025-10-05T02:20:00+10:00,21.904,17584.27
2025-10-05T02:25:00+10:00,19.014,17508.33
2025-10-05T02:30:00+10:00,13.674,17502.95
2025-10-05T02:35:00+10:00,19.256,17426.92
2025-10-05T02:40:00+10:00,24.15,17479.42
2025-10-05T02:45:00+10:00,22.984,17448.68
2025-10-05T02:50:00+10:00,23.026,17390.11
2025-10-05T02:55:00+10:00,30.882,17365.21
2025-10-05T03:00:00+10:00,33.132,17307.89
2025-10-05T03:05:00+10:00,20.374,17204.82
2025-10-05T03:10:00+10:00,17.826,17294.25
2025-10-05T03:15:00+10:00,16.836,17321.96
2025-10-05T03:20:00+10:00,16.836,17307.54
2025-10-05T03:25:00+10:00,15.876,17285.41
2025-10-05T03:30:00+10:00,21.574,17276.66
2025-10-05T03:35:00+10:00,16.364,17114.38
2025-10-05T03:40:00+10:00,21.336,17276.08
2025-10-05T03:45:00+10:00,22.346,17194.9
2025-10-05T03:50:00+10:00,22.238,17165.46
2025-10-05T03:55:00+10:00,21.846,17117.13
2025-10-05T04:00:00+10:00,21.672,17128.55
2025-10-05T04:05:00+10:00,25.302,17317.55
2025-10-05T04:10:00+10:00,24.952,17272.44
2025-10-05T04:15:00+10:00,20.524,17316.14
2025-10-05T04:20:00+10:00,24.772,17361.24
2025-10-05T04:25:00+10:00,,17183.64
2025-10-05T04:30:00+10:00,19.484,17226.15
2025-10-05T04:35:00+10:00,23.23,17245.1
2025-10-05T04:40:00+10:00,18.594,17223.32
2025-10-05T04:45:00+10:00,18.88,17213.43
2025-10-05T04:50:00+10:00,19.156,17254.41
2025-10-05T04:55:00+10:00,18.682,17178.68
2025-10-05T05:00:00+10:00,23.686,17367.34
2025-10-05T05:05:00+10:00,18.488,17312.77
2025-10-05T05:10:00+10:00,23.644,17429.84
2025-10-05T05:15:00+10:00,20.826,17436.15
2025-10-05T05:20:00+10:00,23.102,17450.56
2025-10-05T05:25:00+10:00,21.65,17374.63
2025-10-05T05:30:00+10:00,24.392,17597.13
2025-10-05T05:35:00+10:00,31.14,17509.87
2025-10-05T05:40:00+10:00,,17483.85
2025-10-05T05:45:00+10:00,28.238,17412.02
2025-10-05T05:50:00+10:00,28.09,17400.18
2025-10-05T05:55:00+10:00,28.144,17381.63
2025-10-05T06:00:00+10:00,,17352.56
2025-10-05T06:05:00+10:00,18.62,17252.36
2025-10-05T06:10:00+10:00,-7.626,17319.38
2025-10-05T06:15:00+10:00,-7.634,17275.4
2025-10-05T06:20:00+10:00,,17097.29
2025-10-05T06:25:00+10:00,-8.274,16996.08
2025-10-05T06:30:00+10:00,1.442,16893.96
2025-10-05T06:35:00+10:00,-7.994,16678.35
2025-10-05T06:40:00+10:00,-8.12,16557.63
2025-10-05T06:45:00+10:00,-8.142,16538.47
2025-10-05T06:50:00+10:00,-8.168,16513.14
2025-10-05T06:55:00+10:00,-8.852,16343.75
2025-10-05T07:00:00+10:00,-10.646,16243.54
2025-10-05T07:05:00+10:00,-10.792,16021.32
2025-10-05T07:10:00+10:00,-11.198,15901.86
2025-10-05T07:15:00+10:00,-13.298,15708.87
2025-10-05T07:20:00+10:00,-13.11,15835.74
2025-10-05T07:25:00+10:00,-6.378,15541.62
2025-10-05T07:30:00+10:00,-14.116,15270.69
2025-10-05T07:35:00+10:00,-18.264,15140.34
2025-10-05T07:40:00+10:00,-10.462,15023.16
2025-10-05T07:45:00+10:00,-11.766,14831.68
2025-10-05T07:50:00+10:00,-12.078,14688.92
2025-10-05T07:55:00+10:00,-18.712,14497.13
2025-10-05T08:00:00+10:00,-18.816,14424.92
2025-10-05T08:05:00+10:00,-20.268,14263.56
2025-10-05T08:10:00+10:00,,14363.48
2025-10-05T08:15:00+10:00,-22.09,14138.48
2025-10-05T08:20:00+10:00,-24.954,13999.61
2025-10-05T08:25:00+10:00,-24.724,13944.41
2025-10-05T08:30:00+10:00,-14.362,13827.5
2025-10-05T08:35:00+10:00,-34.172,13439.93
2025-10-05T08:40:00+10:00,-19.908,13331.87
2025-10-05T08:45:00+10:00,-15.23,13108.21
2025-10-05T08:50:00+10:00,-23.844,12889.13
2025-10-05T08:55:00+10:00,-23.882,12742.89
2025-10-05T09:00:00+10:00,-24.25,12629.17
2025-10-05T09:05:00+10:00,-28.762,12506.74
2025-10-05T09:10:00+10:00,-24.186,12766.72
2025-10-05T09:15:00+10:00,,12658.61
2025-10-05T09:20:00+10:00,-25.898,12578.47
2025-10-05T09:25:00+10:00,-23.894,12554.88
2025-10-05T09:30:00+10:00,-25.052,12394.67
2025-10-05T09:35:00+10:00,-32.586,12154.97
2025-10-05T09:40:00+10:00,-31.696,12287.99
2025-10-05T09:45:00+10:00,-35.334,12085.12
2025-10-05T09:50:00+10:00,-37.29,11988.99
2025-10-05T09:55:00+10:00,-36.44,11906.97
2025-10-05T10:00:00+10:00,-23.934,11732.2
2025-10-05T10:05:00+10:00,-38.062,11469.76
2025-10-05T10:10:00+10:00,-32.124,11713.19
2025-10-05T10:15:00+10:00,-24.154,11414.38
2025-10-05T10:20:00+10:00,-28.86,11424.74
2025-10-05T10:25:00+10:00,-25.72,11492.05
2025-10-05T10:30:00+10:00,-25.406,11418.7
2025-10-05T10:35:00+10:00,-22.964,11491.41
2025-10-05T10:40:00+10:00,,11672.01
2025-10-05T10:45:00+10:00,-25.11,11628.91
2025-10-05T10:50:00+10:00,-27.782,11429.54
2025-10-05T10:55:00+10:00,-25.44,11548.0
2025-10-05T11:00:00+10:00,-23.806,11460.42
2025-10-05T11:05:00+10:00,-18.096,11423.54
2025-10-05T11:10:00+10:00,,11732.77
2025-10-05T11:15:00+10:00,-27.4,11675.11
2025-10-05T11:20:00+10:00,-28.884,11629.06
2025-10-05T11:25:00+10:00,-26.828,11756.08
2025-10-05T11:30:00+10:00,-23.21,11810.74
2025-10-05T11:35:00+10:00,-21.478,11730.05
2025-10-05T11:40:00+10:00,-27.842,11739.01
2025-10-05T11:45:00+10:00,-27.8,11484.26
2025-10-05T11:50:00+10:00,-29.086,11446.52
2025-10-05T11:55:00+10:00,-25.926,11400.75
2025-10-05T12:00:00+10:00,-28.248,11182.0
2025-10-05T12:05:00+10:00,-28.754,11195.18
2025-10-05T12:10:00+10:00,,11181.91
2025-10-05T12:15:00+10:00,-29.052,11134.85
2025-10-05T12:20:00+10:00,-32.74,11171.08
2025-10-05T12:25:00+10:00,,11205.94
2025-10-05T12:30:00+10:00,-32.818,11233.81
2025-10-05T12:35:00+10:00,-33.522,11093.91
2025-10-05T12:40:00+10:00,-29.976,11159.3
2025-10-05T12:45:00+10:00,-30.188,11133.31
2025-10-05T12:50:00+10:00,-31.484,11124.26
2025-10-05T12:55:00+10:00,-30.886,11097.41
2025-10-05T13:00:00+10:00,-31.032,11050.32
2025-10-05T13:05:00+10:00,-32.128,11040.77
2025-10-05T13:10:00+10:00,-32.318,11014.97
2025-10-05T13:15:00+10:00,-29.552,11377.32
2025-10-05T13:20:00+10:00,-29.786,11492.95
2025-10-05T13:25:00+10:00,,11473.96
2025-10-05T13:30:00+10:00,-30.43,11780.9
2025-10-05T13:35:00+10:00,-28.01,12103.24
2025-10-05T13:40:00+10:00,-26.588,12344.72
2025-10-05T13:45:00+10:00,-22.622,12547.29
2025-10-05T13:50:00+10:00,-24.282,12776.58
2025-10-05T13:55:00+10:00,,12991.06
2025-10-05T14:00:00+10:00,-22.264,13239.98
2025-10-05T14:05:00+10:00,-16.578,13312.65
2025-10-05T14:10:00+10:00,-21.608,13265.74
2025-10-05T14:15:00+10:00,-18.098,13554.41
2025-10-05T14:20:00+10:00,-18.98,13521.82
2025-10-05T14:25:00+10:00,-19.196,13717.0
2025-10-05T14:30:00+10:00,-16.724,14035.24
2025-10-05T14:35:00+10:00,-12.88,14122.74
2025-10-05T14:40:00+10:00,-13.1,14384.85
2025-10-05T14:45:00+10:00,-9.942,14548.54
2025-10-05T14:50:00+10:00,-10.896,14776.76
2025-10-05T14:55:00+10:00,-8.76,15011.51
2025-10-05T15:00:00+10:00,-10.662,15293.94
2025-10-05T15:05:00+10:00,-5.428,15576.43
2025-10-05T15:10:00+10:00,-4.48,15988.68
2025-10-05T15:15:00+10:00,-8.862,16088.49
2025-10-05T15:20:00+10:00,-9.316,16231.09
2025-10-05T15:25:00+10:00,,16651.32
2025-10-05T15:30:00+10:00,-8.436,16828.48
2025-10-05T15:35:00+10:00,-6.566,17239.66
2025-10-05T15:40:00+10:00,-7.212,17381.81
2025-10-05T15:45:00+10:00,-6.204,17825.55
2025-10-05T15:50:00+10:00,-5.996,17921.88
2025-10-05T15:55:00+10:00,-7.102,18110.68
2025-10-05T16:00:00+10:00,-5.02,18413.98
2025-10-05T16:05:00+10:00,-7.528,18468.63
2025-10-05T16:10:00+10:00,-5.2,18865.62
2025-10-05T16:15:00+10:00,-5.024,19234.64
2025-10-05T16:20:00+10:00,-4.872,19368.78
2025-10-05T16:25:00+10:00,-3.272,19523.35
2025-10-05T16:30:00+10:00,-4.94,19826.34
2025-10-05T16:35:00+10:00,1.736,20073.52
2025-10-05T16:40:00+10:00,12.478,20387.81
2025-10-05T16:45:00+10:00,22.818,20421.82
2025-10-05T16:50:00+10:00,17.986,20624.08
2025-10-05T16:55:00+10:00,21.086,20977.35
2025-10-05T17:00:00+10:00,25.024,21251.0
2025-10-05T17:05:00+10:00,19.606,21538.75
2025-10-05T17:10:00+10:00,25.654,21699.33
2025-10-05T17:15:00+10:00,31.238,21829.48
2025-10-05T17:20:00+10:00,27.846,22060.26
2025-10-05T17:25:00+10:00,28.624,22213.95
2025-10-05T17:30:00+10:00,59.312,22274.64
2025-10-05T17:35:00+10:00,45.664,22341.04
2025-10-05T17:40:00+10:00,42.638,22498.67
2025-10-05T17:45:00+10:00,31.696,22548.84
2025-10-05T17:50:00+10:00,28.316,22567.47
2025-10-05T17:55:00+10:00,,22745.68
2025-10-05T18:00:00+10:00,,22594.71
2025-10-05T18:05:00+10:00,28.318,22800.74
2025-10-05T18:10:00+10:00,28.898,22689.42
2025-10-05T18:15:00+10:00,28.362,22826.31
2025-10-05T18:20:00+10:00,26.472,22860.1
2025-10-05T18:25:00+10:00,27.18,22892.81
2025-10-05T18:30:00+10:00,27.63,22976.96
2025-10-05T18:35:00+10:00,27.03,22834.92
2025-10-05T18:40:00+10:00,25.998,22765.18
2025-10-05T18:45:00+10:00,25.582,22604.6
2025-10-05T18:50:00+10:00,24.324,22567.66
2025-10-05T18:55:00+10:00,24.216,22431.41
2025-10-05T19:00:00+10:00,24.502,22182.69
2025-10-05T19:05:00+10:00,24.352,22367.23
2025-10-05T19:10:00+10:00,24.36,22318.46
2025-10-05T19:15:00+10:00,22.664,22299.93
2025-10-05T19:20:00+10:00,22.112,21996.62
2025-10-05T19:25:00+10:00,22.776,21937.1
2025-10-05T19:30:00+10:00,22.78,21928.7
2025-10-05T19:35:00+10:00,22.862,21920.57
2025-10-05T19:40:00+10:00,25.624,21907.86
2025-10-05T19:45:00+10:00,25.416,21915.1
2025-10-05T19:50:00+10:00,24.24,21677.51
2025-10-05T19:55:00+10:00,22.684,21672.95
2025-10-05T20:00:00+10:00,23.014,21499.5
2025-10-05T20:05:00+10:00,17.28,21334.42
2025-10-05T20:10:00+10:00,25.61,21402.62
2025-10-05T20:15:00+10:00,18.91,21155.07
2025-10-05T20:20:00+10:00,18.608,21155.43
2025-10-05T20:25:00+10:00,18.334,21107.16
2025-10-05T20:30:00+10:00,17.47,20874.63
2025-10-05T20:35:00+10:00,21.906,20888.06
2025-10-05T20:40:00+10:00,23.636,20968.67
2025-10-05T20:45:00+10:00,20.55,20894.77
2025-10-05T20:50:00+10:00,13.336,20714.99
2025-10-05T20:55:00+10:00,17.602,20679.64
2025-10-05T21:00:00+10:00,19.432,20644.64
2025-10-05T21:05:00+10:00,22.102,20551.21
2025-10-05T21:10:00+10:00,24.506,20593.49
2025-10-05T21:15:00+10:00,22.06,20627.47
2025-10-05T21:20:00+10:00,23.62,20562.43
2025-10-05T21:25:00+10:00,23.494,20650.25
2025-10-05T21:30:00+10:00,24.154,20634.82
2025-10-05T21:35:00+10:00,34.126,20489.48
2025-10-05T21:40:00+10:00,33.492,20428.98
2025-10-05T21:45:00+10:00,23.864,20421.11
2025-10-05T21:50:00+10:00,23.796,20410.88
2025-10-05T21:55:00+10:00,19.676,20145.62
2025-10-05T22:00:00+10:00,18.594,20037.42
2025-10-05T22:05:00+10:00,22.876,19923.2
2025-10-05T22:10:00+10:00,22.778,19939.59
2025-10-05T22:15:00+10:00,19.018,19658.98
2025-10-05T22:20:00+10:00,23.198,19759.94
2025-10-05T22:25:00+10:00,20.32,19656.49
2025-10-05T22:30:00+10:00,20.034,19623.47
2025-10-05T22:35:00+10:00,20.004,19506.87
2025-10-05T22:40:00+10:00,19.226,19323.81
2025-10-05T22:45:00+10:00,19.926,19369.57
2025-10-05T22:50:00+10:00,19.248,19133.04
2025-10-05T22:55:00+10:00,19.054,19170.73
2025-10-05T23:00:00+10:00,15.212,19070.34
2025-10-05T23:05:00+10:00,23.054,18996.5
2025-10-05T23:10:00+10:00,23.42,19234.78
2025-10-05T23:15:00+10:00,18.478,19197.77
2025-10-05T23:20:00+10:00,14.612,19092.79
2025-10-05T23:25:00+10:00,15.416,19021.2
2025-10-05T23:30:00+10:00,15.598,19066.86
2025-10-05T23:35:00+10:00,20.466,19066.63
2025-10-05T23:40:00+10:00,15.958,18969.12
2025-10-05T23:45:00+10:00,19.352,18949.59
2025-10-05T23:50:00+10:00,15.574,18824.47
2025-10-05T23:55:00+10:00,16.004,18761.82
2025-10-06T00:00:00+10:00,16.594,18860.88
2025-10-06T00:05:00+10:00,20.52,18723.58
2025-10-06T00:10:00+10:00,16.536,18514.75
2025-10-06T00:15:00+10:00,20.512,18537.81
2025-10-06T00:20:00+10:00,16.444,18478.41
2025-10-06T00:25:00+10:00,16.88,18431.69
2025-10-06T00:30:00+10:00,15.506,18401.12
2025-10-06T00:35:00+10:00,7.794,18311.88
2025-10-06T00:40:00+10:00,15.488,18268.58
2025-10-06T00:45:00+10:00,13.526,18153.2
2025-10-06T00:50:00+10:00,13.512,18104.16
2025-10-06T00:55:00+10:00,5.912,17984.75
2025-10-06T01:00:00+10:00,12.264,17905.75
2025-10-06T01:05:00+10:00,12.292,17824.37
2025-10-06T01:10:00+10:00,13.302,17884.5
2025-10-06T01:15:00+10:00,12.818,17883.08
2025-10-06T01:20:00+10:00,13.344,17787.04
2025-10-06T01:25:00+10:00,13.29,17706.0
2025-10-06T01:30:00+10:00,9.832,17520.61
2025-10-06T01:35:00+10:00,13.542,17551.55
2025-10-06T01:40:00+10:00,11.712,17500.73
2025-10-06T01:45:00+10:00,14.06,17552.41
2025-10-06T01:50:00+10:00,13.544,17526.49
2025-10-06T01:55:00+10:00,13.544,17455.64
2025-10-06T02:00:00+10:00,12.956,17418.53
2025-10-06T02:05:00+10:00,15.248,17281.19
2025-10-06T02:10:00+10:00,16.036,17403.77
2025-10-06T02:15:00+10:00,25.514,17342.61
2025-10-06T02:20:00+10:00,14.566,17201.35
2025-10-06T02:25:00+10:00,13.316,17085.73
2025-10-06T02:30:00+10:00,13.794,17118.36
2025-10-06T02:35:00+10:00,13.716,17070.32
2025-10-06T02:40:00+10:00,12.662,17135.02
2025-10-06T02:45:00+10:00,11.376,17028.01
2025-10-06T02:50:00+10:00,12.964,17051.05
2025-10-06T02:55:00+10:00,2.646,16963.72
2025-10-06T03:00:00+10:00,11.124,17040.44
2025-10-06T03:05:00+10:00,12.186,17096.25
2025-10-06T03:10:00+10:00,14.616,17132.2
2025-10-06T03:15:00+10:00,12.968,17130.78
2025-10-06T03:20:00+10:00,12.258,17030.48
2025-10-06T03:25:00+10:00,11.638,17073.94
2025-10-06T03:30:00+10:00,13.468,17035.51
2025-10-06T03:35:00+10:00,13.53,16991.61
2025-10-06T03:40:00+10:00,12.77,16942.38
2025-10-06T03:45:00+10:00,12.97,17069.21
2025-10-06T03:50:00+10:00,13.488,16991.03
2025-10-06T03:55:00+10:00,11.57,16961.83
2025-10-06T04:00:00+10:00,9.934,17012.19
2025-10-06T04:05:00+10:00,2.018,16970.78
2025-10-06T04:10:00+10:00,4.304,17099.07
2025-10-06T04:15:00+10:00,14.676,17264.93
2025-10-06T04:20:00+10:00,10.664,17151.9
2025-10-06T04:25:00+10:00,4.298,17318.84
2025-10-06T04:30:00+10:00,13.908,17309.44
2025-10-06T04:35:00+10:00,15.954,17394.6
2025-10-06T04:40:00+10:00,13.978,17490.45
2025-10-06T04:45:00+10:00,16.724,17546.05
2025-10-06T04:50:00+10:00,14.874,17606.77
2025-10-06T04:55:00+10:00,23.294,17606.69
2025-10-06T05:00:00+10:00,16.608,17775.46
2025-10-06T05:05:00+10:00,15.26,17772.44
2025-10-06T05:10:00+10:00,18.522,18128.24
2025-10-06T05:15:00+10:00,29.366,18174.34
2025-10-06T05:20:00+10:00,28.922,18240.55
2025-10-06T05:25:00+10:00,28.944,18270.98
2025-10-06T05:30:00+10:00,30.184,18402.07
2025-10-06T05:35:00+10:00,24.24,18582.52
2025-10-06T05:40:00+10:00,23.808,18449.15
2025-10-06T05:45:00+10:00,34.974,18646.2
2025-10-06T05:50:00+10:00,19.808,18647.62
2025-10-06T05:55:00+10:00,28.71,18678.16
2025-10-06T06:00:00+10:00,20.696,18560.71
2025-10-06T06:05:00+10:00,20.776,18653.7
2025-10-06T06:10:00+10:00,18.402,18647.11
2025-10-06T06:15:00+10:00,13.43,18685.46
2025-10-06T06:20:00+10:00,9.77,18628.01
2025-10-06T06:25:00+10:00,20.976,18559.78
2025-10-06T06:30:00+10:00,8.646,18619.0
2025-10-06T06:35:00+10:00,19.192,18666.9
2025-10-06T06:40:00+10:00,23.436,18567.79
2025-10-06T06:45:00+10:00,13.462,18520.72
2025-10-06T06:50:00+10:00,8.424,18567.03
2025-10-06T06:55:00+10:00,6.402,18408.44
2025-10-06T07:00:00+10:00,17.69,18487.94
2025-10-06T07:05:00+10:00,26.07,18376.62
2025-10-06T07:10:00+10:00,20.01,18410.23
2025-10-06T07:15:00+10:00,20.242,18290.87
2025-10-06T07:20:00+10:00,19.048,18165.59
2025-10-06T07:25:00+10:00,18.202,18073.24
2025-10-06T07:30:00+10:00,9.106,17958.18
2025-10-06T07:35:00+10:00,22.2,17900.91
2025-10-06T07:40:00+10:00,21.302,17646.16
2025-10-06T07:45:00+10:00,30.724,17585.65
2025-10-06T07:50:00+10:00,29.076,17408.44
2025-10-06T07:55:00+10:00,16.068,17129.6
2025-10-06T08:00:00+10:00,22.238,17226.82
2025-10-06T08:05:00+10:00,28.582,17096.99
2025-10-06T08:10:00+10:00,24.632,16949.84
2025-10-06T08:15:00+10:00,21.85,16811.37
2025-10-06T08:20:00+10:00,20.94,16389.79
2025-10-06T08:25:00+10:00,15.644,16168.96
2025-10-06T08:30:00+10:00,16.224,16190.31
2025-10-06T08:35:00+10:00,18.042,16087.09
2025-10-06T08:40:00+10:00,19.842,16047.58
2025-10-06T08:45:00+10:00,12.562,15831.29
2025-10-06T08:50:00+10:00,11.196,15656.72
2025-10-06T08:55:00+10:00,2.416,15551.18
2025-10-06T09:00:00+10:00,-1.914,15239.76
2025-10-06T09:05:00+10:00,-1.068,15160.47
2025-10-06T09:10:00+10:00,-8.342,15164.66
2025-10-06T09:15:00+10:00,-3.402,15039.1
2025-10-06T09:20:00+10:00,-11.636,14807.84
2025-10-06T09:25:00+10:00,-8.758,14640.13
2025-10-06T09:30:00+10:00,-6.476,14634.64
2025-10-06T09:35:00+10:00,4.85,14530.1
2025-10-06T09:40:00+10:00,-2.398,14613.49
2025-10-06T09:45:00+10:00,-10.412,14396.82
2025-10-06T09:50:00+10:00,21.016,14413.82
2025-10-06T09:55:00+10:00,4.466,14186.96
2025-10-06T10:00:00+10:00,-10.11,14054.34
2025-10-06T10:05:00+10:00,-12.24,13774.49
2025-10-06T10:10:00+10:00,-12.32,13754.65
2025-10-06T10:15:00+10:00,-11.274,13759.62
2025-10-06T10:20:00+10:00,-15.952,13598.09
2025-10-06T10:25:00+10:00,-12.856,13508.65
2025-10-06T10:30:00+10:00,-11.75,13292.73
2025-10-06T10:35:00+10:00,-12.606,13274.19
2025-10-06T10:40:00+10:00,-5.934,13124.02
2025-10-06T10:45:00+10:00,-10.0,13064.76
2025-10-06T10:50:00+10:00,-12.35,12826.43
2025-10-06T10:55:00+10:00,-13.542,12820.4
2025-10-06T11:00:00+10:00,-12.312,12649.78
2025-10-06T11:05:00+10:00,-10.078,12655.98
2025-10-06T11:10:00+10:00,-15.124,12716.25
2025-10-06T11:15:00+10:00,-13.584,12613.17
2025-10-06T11:20:00+10:00,-11.27,12517.26
2025-10-06T11:25:00+10:00,-13.44,12500.65
2025-10-06T11:30:00+10:00,-12.572,12489.9
2025-10-06T11:35:00+10:00,-12.714,12610.86
2025-10-06T11:40:00+10:00,-12.004,12757.17
2025-10-06T11:45:00+10:00,-14.018,12693.68
2025-10-06T11:50:00+10:00,-14.768,12677.68
2025-10-06T11:55:00+10:00,-14.152,12754.37
2025-10-06T12:00:00+10:00,-15.498,12679.54
2025-10-06T12:05:00+10:00,-15.358,12606.37
2025-10-06T12:10:00+10:00,-14.542,12710.2
2025-10-06T12:15:00+10:00,-15.81,12720.94
2025-10-06T12:20:00+10:00,-13.516,12718.3
2025-10-06T12:25:00+10:00,-15.068,12561.55
2025-10-06T12:30:00+10:00,-17.14,12598.81
2025-10-06T12:35:00+10:00,-15.85,12750.62
2025-10-06T12:40:00+10:00,-14.598,12864.59
2025-10-06T12:45:00+10:00,-15.654,12822.64
2025-10-06T12:50:00+10:00,-14.606,12985.65
2025-10-06T12:55:00+10:00,-16.072,12932.71
2025-10-06T13:00:00+10:00,-16.738,13034.21
2025-10-06T13:05:00+10:00,-16.51,12951.38
2025-10-06T13:10:00+10:00,-15.14,13184.69
2025-10-06T13:15:00+10:00,-15.634,13080.72
2025-10-06T13:20:00+10:00,-15.902,13154.21
2025-10-06T13:25:00+10:00,-14.33,13293.57
2025-10-06T13:30:00+10:00,-13.068,13623.51
2025-10-06T13:35:00+10:00,-3.42,13614.4
2025-10-06T13:40:00+10:00,-9.384,13725.62
2025-10-06T13:45:00+10:00,-10.42,13998.37
2025-10-06T13:50:00+10:00,-10.0,14184.84
2025-10-06T13:55:00+10:00,-10.184,14224.09
2025-10-06T14:00:00+10:00,-8.57,14465.25
2025-10-06T14:05:00+10:00,-10.182,14549.34
2025-10-06T14:10:00+10:00,-3.998,14861.8
2025-10-06T14:15:00+10:00,-3.998,14921.68
2025-10-06T14:20:00+10:00,18.692,15384.07
2025-10-06T14:25:00+10:00,24.01,15727.61
2025-10-06T14:30:00+10:00,25.952,15654.93
2025-10-06T14:35:00+10:00,44.008,15830.28
2025-10-06T14:40:00+10:00,9.032,15760.27
2025-10-06T14:45:00+10:00,84.736,16217.16
2025-10-06T14:50:00+10:00,50.714,16321.32
2025-10-06T14:55:00+10:00,23.798,16470.78
2025-10-06T15:00:00+10:00,45.22,16592.01
2025-10-06T15:05:00+10:00,13.348,16872.18
2025-10-06T15:10:00+10:00,3.088,17188.1
2025-10-06T15:15:00+10:00,10.46,17286.04
2025-10-06T15:20:00+10:00,15.158,17376.54
2025-10-06T15:25:00+10:00,31.904,17939.81
2025-10-06T15:30:00+10:00,24.916,17972.4
2025-10-06T15:35:00+10:00,56.578,18415.02
2025-10-06T15:40:00+10:00,47.05,18757.03
2025-10-06T15:45:00+10:00,18.12,18994.16
2025-10-06T15:50:00+10:00,35.198,19240.99
2025-10-06T15:55:00+10:00,44.956,19380.19
2025-10-06T16:00:00+10:00,50.084,19484.21
2025-10-06T16:05:00+10:00,46.37,19818.5
2025-10-06T16:10:00+10:00,32.158,20150.63
2025-10-06T16:15:00+10:00,23.136,20349.63
2025-10-06T16:20:00+10:00,31.698,20567.19
2025-10-06T16:25:00+10:00,48.51,20914.01
2025-10-06T16:30:00+10:00,75.28,21235.42
2025-10-06T16:35:00+10:00,61.044,21388.31
2025-10-06T16:40:00+10:00,63.822,21498.66
2025-10-06T16:45:00+10:00,76.024,21803.77
2025-10-06T16:50:00+10:00,77.382,22108.16
2025-10-06T16:55:00+10:00,77.504,22528.28
2025-10-06T17:00:00+10:00,79.898,22765.1
2025-10-06T17:05:00+10:00,73.404,23009.38
2025-10-06T17:10:00+10:00,69.096,22963.05
2025-10-06T17:15:00+10:00,73.852,23205.64
2025-10-06T17:20:00+10:00,86.378,23411.96
2025-10-06T17:25:00+10:00,84.932,23448.12
2025-10-06T17:30:00+10:00,86.062,23670.02
2025-10-06T17:35:00+10:00,69.964,23832.04
2025-10-06T17:40:00+10:00,75.978,23797.03
2025-10-06T17:45:00+10:00,85.908,23942.41
2025-10-06T17:50:00+10:00,101.382,24117.35
2025-10-06T17:55:00+10:00,99.266,24048.12
2025-10-06T18:00:00+10:00,100.196,24277.0
2025-10-06T18:05:00+10:00,86.476,24240.19
2025-10-06T18:10:00+10:00,96.188,24291.17
2025-10-06T18:15:00+10:00,105.716,24224.4
2025-10-06T18:20:00+10:00,96.542,24263.09
2025-10-06T18:25:00+10:00,95.766,24468.66
2025-10-06T18:30:00+10:00,98.21,24464.4
2025-10-06T18:35:00+10:00,98.294,24435.16
2025-10-06T18:40:00+10:00,99.052,24554.56
2025-10-06T18:45:00+10:00,99.848,24620.9
2025-10-06T18:50:00+10:00,88.502,24625.62
2025-10-06T18:55:00+10:00,91.768,24665.88
2025-10-06T19:00:00+10:00,87.284,24542.21
2025-10-06T19:05:00+10:00,88.058,24419.84
2025-10-06T19:10:00+10:00,87.026,24326.49
2025-10-06T19:15:00+10:00,91.356,24392.04
2025-10-06T19:20:00+10:00,98.558,24360.66
2025-10-06T19:25:00+10:00,85.124,24032.92
2025-10-06T19:30:00+10:00,85.488,24047.56
2025-10-06T19:35:00+10:00,91.218,23945.9
2025-10-06T19:40:00+10:00,95.328,23874.42
2025-10-06T19:45:00+10:00,92.664,23683.06
2025-10-06T19:50:00+10:00,91.27,23533.92
2025-10-06T19:55:00+10:00,95.242,23584.97
2025-10-06T20:00:00+10:00,90.044,23486.48
2025-10-06T20:05:00+10:00,95.564,23369.89
2025-10-06T20:10:00+10:00,97.228,23288.49
2025-10-06T20:15:00+10:00,100.21,23237.31
2025-10-06T20:20:00+10:00,97.44,23185.12
2025-10-06T20:25:00+10:00,101.126,23092.47
2025-10-06T20:30:00+10:00,96.408,22928.27
2025-10-06T20:35:00+10:00,96.672,22736.99
2025-10-06T20:40:00+10:00,118.136,22952.89
2025-10-06T20:45:00+10:00,98.53,22772.37
2025-10-06T20:50:00+10:00,99.996,22791.98
2025-10-06T20:55:00+10:00,101.652,22739.76
2025-10-06T21:00:00+10:00,92.536,22601.95
2025-10-06T21:05:00+10:00,90.386,22383.57
2025-10-06T21:10:00+10:00,97.92,22340.51
2025-10-06T21:15:00+10:00,109.094,22287.14
2025-10-06T21:20:00+10:00,98.454,22136.42
2025-10-06T21:25:00+10:00,104.592,22112.49
2025-10-06T21:30:00+10:00,97.182,22028.83
2025-10-06T21:35:00+10:00,126.382,21987.87
2025-10-06T21:40:00+10:00,105.108,21790.41
2025-10-06T21:45:00+10:00,127.35,21678.32
2025-10-06T21:50:00+10:00,128.404,21492.26
2025-10-06T21:55:00+10:00,127.702,21482.84
2025-10-06T22:00:00+10:00,101.38,21291.78
2025-10-06T22:05:00+10:00,112.848,21240.58
2025-10-06T22:10:00+10:00,134.916,21206.0
2025-10-06T22:15:00+10:00,118.844,21001.27
2025-10-06T22:20:00+10:00,107.342,20880.87
2025-10-06T22:25:00+10:00,108.338,20876.93
2025-10-06T22:30:00+10:00,108.08,20872.43
2025-10-06T22:35:00+10:00,105.28,20689.3
2025-10-06T22:40:00+10:00,131.566,20695.02
2025-10-06T22:45:00+10:00,115.558,20553.59
2025-10-06T22:50:00+10:00,135.686,20548.67
2025-10-06T22:55:00+10:00,92.126,20143.88
2025-10-06T23:00:00+10:00,127.926,20319.26
2025-10-06T23:05:00+10:00,100.084,20171.16
2025-10-06T23:10:00+10:00,100.256,20391.01
2025-10-06T23:15:00+10:00,121.89,20388.39
2025-10-06T23:20:00+10:00,91.074,20097.25
2025-10-06T23:25:00+10:00,125.03,20221.21
2025-10-06T23:30:00+10:00,101.824,20108.49
2025-10-06T23:35:00+10:00,97.992,20128.51
2025-10-06T23:40:00+10:00,101.38,20246.57
2025-10-06T23:45:00+10:00,125.78,20024.33
2025-10-06T23:50:00+10:00,123.234,19954.25
2025-10-06T23:55:00+10:00,123.878,19927.59
2025-10-07T00:00:00+10:00,114.252,19792.34
2025-10-07T00:05:00+10:00,117.976,19774.89
2025-10-07T00:10:00+10:00,118.792,19797.04
2025-10-07T00:15:00+10:00,128.566,19698.79
2025-10-07T00:20:00+10:00,121.574,19579.52
2025-10-07T00:25:00+10:00,121.42,19452.42
2025-10-07T00:30:00+10:00,96.664,19343.52
2025-10-07T00:35:00+10:00,115.058,19295.37
2025-10-07T00:40:00+10:00,121.62,19257.53
2025-10-07T00:45:00+10:00,95.474,19227.63
2025-10-07T00:50:00+10:00,91.128,19166.86
2025-10-07T00:55:00+10:00,105.088,19120.67
2025-10-07T01:00:00+10:00,121.846,19008.7
2025-10-07T01:05:00+10:00,129.388,18952.91
2025-10-07T01:10:00+10:00,102.816,18982.92
2025-10-07T01:15:00+10:00,131.27,18972.31
2025-10-07T01:20:00+10:00,130.904,18850.17
2025-10-07T01:25:00+10:00,116.396,18733.54
2025-10-07T01:30:00+10:00,124.778,18754.55
2025-10-07T01:35:00+10:00,98.588,18644.61
2025-10-07T01:40:00+10:00,99.078,18607.81
2025-10-07T01:45:00+10:00,100.17,18691.65
2025-10-07T01:50:00+10:00,94.842,18608.56
2025-10-07T01:55:00+10:00,94.888,18547.28
2025-10-07T02:00:00+10:00,96.154,18485.04
2025-10-07T02:05:00+10:00,100.596,18393.24
2025-10-07T02:10:00+10:00,110.13,18464.15
2025-10-07T02:15:00+10:00,104.664,18443.85
2025-10-07T02:20:00+10:00,98.604,18384.33
2025-10-07T02:25:00+10:00,78.208,18302.96
2025-10-07T02:30:00+10:00,106.088,18333.29
2025-10-07T02:35:00+10:00,101.386,18286.4
2025-10-07T02:40:00+10:00,79.404,18287.91
2025-10-07T02:45:00+10:00,82.882,18233.07
2025-10-07T02:50:00+10:00,110.102,18204.87
2025-10-07T02:55:00+10:00,80.612,18243.71
2025-10-07T03:00:00+10:00,100.404,18261.27
2025-10-07T03:05:00+10:00,82.59,18143.47
2025-10-07T03:10:00+10:00,98.832,18434.82
2025-10-07T03:15:00+10:00,114.192,18414.6
2025-10-07T03:20:00+10:00,100.184,18369.63
2025-10-07T03:25:00+10:00,113.462,18473.25
2025-10-07T03:30:00+10:00,100.308,18325.41
2025-10-07T03:35:00+10:00,100.24,18388.23
2025-10-07T03:40:00+10:00,99.844,18392.63
2025-10-07T03:45:00+10:00,113.552,18486.62
2025-10-07T03:50:00+10:00,102.054,18510.21
2025-10-07T03:55:00+10:00,93.582,18446.55
2025-10-07T04:00:00+10:00,104.632,18541.3
2025-10-07T04:05:00+10:00,99.508,18600.27
2025-10-07T04:10:00+10:00,99.628,18698.74
2025-10-07T04:15:00+10:00,134.064,18868.69
2025-10-07T04:20:00+10:00,132.772,18864.95
2025-10-07T04:25:00+10:00,132.988,18882.15
2025-10-07T04:30:00+10:00,129.974,19073.12
2025-10-07T04:35:00+10:00,127.002,19138.81
2025-10-07T04:40:00+10:00,134.07,19269.83
2025-10-07T04:45:00+10:00,118.7,19294.71
2025-10-07T04:50:00+10:00,134.318,19417.71
2025-10-07T04:55:00+10:00,135.84,19506.63
2025-10-07T05:00:00+10:00,135.938,19634.33
2025-10-07T05:05:00+10:00,135.35,19861.97
2025-10-07T05:10:00+10:00,194.696,20201.18
2025-10-07T05:15:00+10:00,139.094,20371.48
2025-10-07T05:20:00+10:00,136.264,20508.55
2025-10-07T05:25:00+10:00,134.77,20661.01
2025-10-07T05:30:00+10:00,170.084,20889.81
2025-10-07T05:35:00+10:00,150.61,20865.44
2025-10-07T05:40:00+10:00,135.888,21165.53
2025-10-07T05:45:00+10:00,173.394,21270.52
2025-10-07T05:50:00+10:00,196.22,21321.07
2025-10-07T05:55:00+10:00,184.28,21555.64
2025-10-07T06:00:00+10:00,218.476,21665.11
2025-10-07T06:05:00+10:00,196.134,21437.64
2025-10-07T06:10:00+10:00,195.162,21633.79
2025-10-07T06:15:00+10:00,193.95,21736.54
2025-10-07T06:20:00+10:00,192.552,21759.76
2025-10-07T06:25:00+10:00,187.05,21767.38
2025-10-07T06:30:00+10:00,174.318,21738.88
2025-10-07T06:35:00+10:00,158.574,21894.93
2025-10-07T06:40:00+10:00,121.024,21893.31
2025-10-07T06:45:00+10:00,98.902,21861.87
2025-10-07T06:50:00+10:00,73.416,21729.95
2025-10-07T06:55:00+10:00,74.082,21710.26
2025-10-07T07:00:00+10:00,87.922,21581.09
2025-10-07T07:05:00+10:00,91.304,21583.44
2025-10-07T07:10:00+10:00,87.726,21551.92
2025-10-07T07:15:00+10:00,86.26,21555.55
2025-10-07T07:20:00+10:00,80.922,21372.69
2025-10-07T07:25:00+10:00,93.378,21273.42
2025-10-07T07:30:00+10:00,67.864,21110.32
2025-10-07T07:35:00+10:00,83.032,20934.46
2025-10-07T07:40:00+10:00,68.476,20705.85
2025-10-07T07:45:00+10:00,47.968,20487.86
2025-10-07T07:50:00+10:00,50.91,20248.01
2025-10-07T07:55:00+10:00,50.112,20158.55
2025-10-07T08:00:00+10:00,38.554,19886.95
2025-10-07T08:05:00+10:00,49.428,19556.1
2025-10-07T08:10:00+10:00,51.954,19767.05
2025-10-07T08:15:00+10:00,54.02,19421.67
2025-10-07T08:20:00+10:00,57.504,19220.54
2025-10-07T08:25:00+10:00,31.764,18882.36
2025-10-07T08:30:00+10:00,23.276,18556.09
2025-10-07T08:35:00+10:00,10.638,18447.16
2025-10-07T08:40:00+10:00,-0.27,18234.32
2025-10-07T08:45:00+10:00,15.588,17981.17
2025-10-07T08:50:00+10:00,16.478,17769.26
2025-10-07T08:55:00+10:00,1.198,17566.42
2025-10-07T09:00:00+10:00,-6.212,17233.35
2025-10-07T09:05:00+10:00,-0.716,17198.17
2025-10-07T09:10:00+10:00,-1.72,16965.18
2025-10-07T09:15:00+10:00,-2.216,16834.55
2025-10-07T09:20:00+10:00,-2.118,16533.9
2025-10-07T09:25:00+10:00,15.95,16581.68
2025-10-07T09:30:00+10:00,15.95,16558.59
2025-10-07T09:35:00+10:00,12.41,16396.56
2025-10-07T09:40:00+10:00,10.19,16389.88
2025-10-07T09:45:00+10:00,2.124,16187.57
2025-10-07T09:50:00+10:00,-1.112,16099.26
2025-10-07T09:55:00+10:00,7.732,16003.33
2025-10-07T10:00:00+10:00,4.022,15786.88
2025-10-07T10:05:00+10:00,3.936,15866.49
2025-10-07T10:10:00+10:00,0.738,15900.97
2025-10-07T10:15:00+10:00,15.668,15776.01
2025-10-07T10:20:00+10:00,15.372,15803.6
2025-10-07T10:25:00+10:00,-8.934,15780.35
2025-10-07T10:30:00+10:00,4.852,15673.02
2025-10-07T10:35:00+10:00,10.618,15520.3
2025-10-07T10:40:00+10:00,6.452,15410.23
2025-10-07T10:45:00+10:00,-17.384,15358.56
2025-10-07T10:50:00+10:00,-8.944,15282.29
2025-10-07T10:55:00+10:00,-11.864,15312.31
2025-10-07T11:00:00+10:00,-3.784,15262.05
2025-10-07T11:05:00+10:00,1.454,15394.65
2025-10-07T11:10:00+10:00,10.026,15595.38
2025-10-07T11:15:00+10:00,7.53,15452.16
2025-10-07T11:20:00+10:00,-13.64,15265.18
2025-10-07T11:25:00+10:00,-6.482,15319.73
2025-10-07T11:30:00+10:00,-19.882,15183.87
2025-10-07T11:35:00+10:00,3.412,15153.9
2025-10-07T11:40:00+10:00,-13.972,15081.48
2025-10-07T11:45:00+10:00,-16.844,14825.25
2025-10-07T11:50:00+10:00,-14.904,14778.78
2025-10-07T11:55:00+10:00,-16.344,14744.93
2025-10-07T12:00:00+10:00,-10.486,14689.02
2025-10-07T12:05:00+10:00,9.564,14641.85
2025-10-07T12:10:00+10:00,5.184,14602.23
2025-10-07T12:15:00+10:00,-6.054,14507.09
2025-10-07T12:20:00+10:00,-22.086,14483.35
2025-10-07T12:25:00+10:00,-17.582,14723.19
2025-10-07T12:30:00+10:00,0.402,14677.29
2025-10-07T12:35:00+10:00,2.516,14572.88
2025-10-07T12:40:00+10:00,8.584,14500.03
2025-10-07T12:45:00+10:00,1.974,14423.03
2025-10-07T12:50:00+10:00,-19.818,14409.54
2025-10-07T12:55:00+10:00,-16.844,14382.76
2025-10-07T13:00:00+10:00,-15.222,14303.96
2025-10-07T13:05:00+10:00,7.526,14680.78
2025-10-07T13:10:00+10:00,7.15,14733.35
2025-10-07T13:15:00+10:00,-10.486,14709.37
2025-10-07T13:20:00+10:00,-14.474,14874.31
2025-10-07T13:25:00+10:00,-10.924,14944.45
2025-10-07T13:30:00+10:00,-19.338,14841.03
2025-10-07T13:35:00+10:00,-16.236,14968.5
2025-10-07T13:40:00+10:00,-16.316,15013.01
2025-10-07T13:45:00+10:00,5.606,15088.48
2025-10-07T13:50:00+10:00,7.54,15081.25
2025-10-07T13:55:00+10:00,-0.366,15229.04
2025-10-07T14:00:00+10:00,-6.314,15335.45
2025-10-07T14:05:00+10:00,-8.488,15468.76
2025-10-07T14:10:00+10:00,-21.76,15484.46
2025-10-07T14:15:00+10:00,-13.056,15454.68
2025-10-07T14:20:00+10:00,-19.01,15533.3
2025-10-07T14:25:00+10:00,-25.8,15881.69
2025-10-07T14:30:00+10:00,0.928,15911.43
2025-10-07T14:35:00+10:00,5.856,15934.22
2025-10-07T14:40:00+10:00,-5.97,16100.26
2025-10-07T14:45:00+10:00,-44.738,16263.37
2025-10-07T14:50:00+10:00,-20.978,16336.5
2025-10-07T14:55:00+10:00,-2.642,16695.32
2025-10-07T15:00:00+10:00,-3.02,16852.58
2025-10-07T15:05:00+10:00,-45.24,16985.82
2025-10-07T15:10:00+10:00,-35.272,17171.84
2025-10-07T15:15:00+10:00,-21.772,17280.95
2025-10-07T15:20:00+10:00,-34.584,17538.21
2025-10-07T15:25:00+10:00,-21.84,17869.38
2025-10-07T15:30:00+10:00,-8.644,18093.76
2025-10-07T15:35:00+10:00,-25.348,18232.27
2025-10-07T15:40:00+10:00,-21.736,18459.96
2025-10-07T15:45:00+10:00,-27.828,18651.27
2025-10-07T15:50:00+10:00,-26.946,18998.38
2025-10-07T15:55:00+10:00,-23.288,19063.34
2025-10-07T16:00:00+10:00,-10.318,19397.17
2025-10-07T16:05:00+10:00,-34.704,19575.46
2025-10-07T16:10:00+10:00,-28.21,19882.51
2025-10-07T16:15:00+10:00,25.744,20195.22
2025-10-07T16:20:00+10:00,22.73,20283.81
2025-10-07T16:25:00+10:00,21.016,20551.31
2025-10-07T16:30:00+10:00,24.988,20794.2
2025-10-07T16:35:00+10:00,9.638,20968.59
2025-10-07T16:40:00+10:00,18.846,21096.54
2025-10-07T16:45:00+10:00,45.218,21445.35
2025-10-07T16:50:00+10:00,40.22,21641.78
2025-10-07T16:55:00+10:00,29.902,21945.02
2025-10-07T17:00:00+10:00,42.302,22360.24
2025-10-07T17:05:00+10:00,52.0,22694.64
2025-10-07T17:10:00+10:00,40.446,22476.62
2025-10-07T17:15:00+10:00,33.642,22765.02
2025-10-07T17:20:00+10:00,54.348,22907.96
2025-10-07T17:25:00+10:00,86.316,23294.79
2025-10-07T17:30:00+10:00,96.664,23393.77
2025-10-07T17:35:00+10:00,53.442,23675.8
2025-10-07T17:40:00+10:00,64.554,23831.85
2025-10-07T17:45:00+10:00,79.378,24001.59
2025-10-07T17:50:00+10:00,91.164,24150.31
2025-10-07T17:55:00+10:00,94.208,24520.59
2025-10-07T18:00:00+10:00,98.878,24624.49
2025-10-07T18:05:00+10:00,109.356,24551.63
2025-10-07T18:10:00+10:00,81.042,24486.92
2025-10-07T18:15:00+10:00,88.842,24611.53
2025-10-07T18:20:00+10:00,92.3,24731.42
2025-10-07T18:25:00+10:00,102.49,24851.38
2025-10-07T18:30:00+10:00,92.278,24666.76
2025-10-07T18:35:00+10:00,82.152,24792.72
2025-10-07T18:40:00+10:00,87.862,24840.91
2025-10-07T18:45:00+10:00,126.282,24863.96
2025-10-07T18:50:00+10:00,87.73,24585.98
2025-10-07T18:55:00+10:00,128.934,24774.44
2025-10-07T19:00:00+10:00,88.588,24652.2
2025-10-07T19:05:00+10:00,125.738,24700.7
2025-10-07T19:10:00+10:00,113.966,24490.51
2025-10-07T19:15:00+10:00,91.212,24481.92
2025-10-07T19:20:00+10:00,100.438,24441.49
2025-10-07T19:25:00+10:00,125.476,24398.11
2025-10-07T19:30:00+10:00,91.04,24263.71
2025-10-07T19:35:00+10:00,93.522,24269.04
2025-10-07T19:40:00+10:00,90.78,24075.43
2025-10-07T19:45:00+10:00,89.532,24033.02
2025-10-07T19:50:00+10:00,100.638,23906.22
2025-10-07T19:55:00+10:00,85.642,23691.05
2025-10-07T20:00:00+10:00,100.148,23840.81
2025-10-07T20:05:00+10:00,101.722,23551.86
2025-10-07T20:10:00+10:00,89.434,23448.6
2025-10-07T20:15:00+10:00,92.03,23502.21
2025-10-07T20:20:00+10:00,93.138,23357.58
2025-10-07T20:25:00+10:00,109.406,23334.58
2025-10-07T20:30:00+10:00,88.778,23144.57
2025-10-07T20:35:00+10:00,90.318,23058.8
2025-10-07T20:40:00+10:00,127.32,23175.8
2025-10-07T20:45:00+10:00,105.916,23027.85
2025-10-07T20:50:00+10:00,105.046,23031.18
2025-10-07T20:55:00+10:00,92.008,22813.69
2025-10-07T21:00:00+10:00,110.958,22865.94
2025-10-07T21:05:00+10:00,89.324,22561.63
2025-10-07T21:10:00+10:00,122.834,22678.74
2025-10-07T21:15:00+10:00,123.996,22583.02
2025-10-07T21:20:00+10:00,124.036,22288.22
2025-10-07T21:25:00+10:00,122.736,22391.64
2025-10-07T21:30:00+10:00,122.694,22357.71
2025-10-07T21:35:00+10:00,95.54,22217.25
2025-10-07T21:40:00+10:00,145.612,22229.41
2025-10-07T21:45:00+10:00,107.154,21820.28
2025-10-07T21:50:00+10:00,95.86,21758.71
2025-10-07T21:55:00+10:00,115.53,21703.86
2025-10-07T22:00:00+10:00,98.614,21561.92
2025-10-07T22:05:00+10:00,125.232,21417.84
2025-10-07T22:10:00+10:00,104.788,21365.12
2025-10-07T22:15:00+10:00,130.176,21513.94
2025-10-07T22:20:00+10:00,103.984,21226.48
2025-10-07T22:25:00+10:00,110.184,21198.46
2025-10-07T22:30:00+10:00,109.988,21008.42
2025-10-07T22:35:00+10:00,106.33,20957.03
2025-10-07T22:40:00+10:00,109.064,20985.29
2025-10-07T22:45:00+10:00,103.518,20797.01
2025-10-07T22:50:00+10:00,106.364,20689.8
2025-10-07T22:55:00+10:00,98.834,20537.05
2025-10-07T23:00:00+10:00,99.646,20462.74
2025-10-07T23:05:00+10:00,98.224,20385.74
2025-10-07T23:10:00+10:00,115.298,20571.65
2025-10-07T23:15:00+10:00,100.002,20512.67
2025-10-07T23:20:00+10:00,91.856,20398.77
2025-10-07T23:25:00+10:00,83.788,20243.68
2025-10-07T23:30:00+10:00,102.7,20191.37
2025-10-07T23:35:00+10:00,96.026,20191.68
2025-10-07T23:40:00+10:00,95.828,20248.44
2025-10-07T23:45:00+10:00,92.328,20174.48
2025-10-07T23:50:00+10:00,129.98,20115.86
2025-10-07T23:55:00+10:00,92.72,19971.54
