Code,SA4_Label,Year,population_total,population_density,population_males,population_females,median_age_males,median_age_females,median_age_persons,working_age_population,working_age_population_pct,GCCSA,State
101,Capital Region,2019,232901,4.5,117175,115726,43.2,44.6,43.9,143296,0.615,1RNSW Rest of NSW,NSW
101,Capital Region,2020,236094,4.5,118860,117234,43.5,45.1,44.3,144211,0.611,1RNSW Rest of NSW,NSW
101,Capital Region,2021,238618,4.6,120259,118359,43.8,45.3,44.6,144781,0.607,1RNSW Rest of NSW,NSW
101,Capital Region,2022,240637,4.6,121265,119372,43.8,45.4,44.6,145048,0.603,1RNSW Rest of NSW,NSW
101,Capital Region,2023,243069,4.7,122499,120596,43.6,45.3,44.4,146196,0.601,1RNSW Rest of NSW,NSW
102,Central Coast,2019,345695,205.6,168864,176831,40.0,43.3,41.7,210071,0.608,1RNSW Rest of NSW,NSW
102,Central Coast,2020,347734,206.9,169605,178129,40.5,43.7,42.1,210240,0.605,1RNSW Rest of NSW,NSW
102,Central Coast,2021,348493,207.3,169773,178720,41.0,44.2,42.7,209061,0.6,1RNSW Rest of NSW,NSW
102,Central Coast,2022,349158,207.7,169991,179167,41.2,44.2,42.7,208896,0.598,1RNSW Rest of NSW,NSW
102,Central Coast,2023,351900,209.3,171340,180594,41.1,44.2,42.7,210532,0.598,1RNSW Rest of NSW,NSW
103,Central West,2019,213243,3.0,107132,106111,38.8,40.9,39.9,129061,0.605,1RNSW Rest of NSW,NSW
103,Central West,2020,213568,3.0,107401,106167,39.4,41.4,40.4,128540,0.602,1RNSW Rest of NSW,NSW
103,Central West,2021,213545,3.0,107498,106047,40.0,41.8,40.9,127799,0.598,1RNSW Rest of NSW,NSW
103,Central West,2022,214120,3.0,107690,106430,40.1,42.0,41.1,127515,0.596,1RNSW Rest of NSW,NSW
103,Central West,2023,214827,3.1,107986,106867,40.2,42.0,41.1,128001,0.596,1RNSW Rest of NSW,NSW
104,Coffs Harbour - Grafton,2019,143460,10.8,70534,72926,44.3,46.4,45.4,84692,0.59,1RNSW Rest of NSW,NSW
104,Coffs Harbour - Grafton,2020,144454,10.9,70998,73456,44.6,46.8,45.7,84747,0.5870000000000001,1RNSW Rest of NSW,NSW
104,Coffs Harbour - Grafton,2021,146196,11.1,72309,73887,45.0,47.1,46.1,85117,0.5820000000000001,1RNSW Rest of NSW,NSW
104,Coffs Harbour - Grafton,2022,147645,11.2,73001,74644,45.2,47.1,46.2,85209,0.5770000000000001,1RNSW Rest of NSW,NSW
104,Coffs Harbour - Grafton,2023,149032,11.3,73805,75238,44.9,47.1,46.0,85641,0.575,1RNSW Rest of NSW,NSW
105,Far West and Orana,2019,117616,0.3,58782,58834,38.1,39.5,38.8,72084,0.613,1RNSW Rest of NSW,NSW
105,Far West and Orana,2020,117375,0.3,58727,58648,38.3,39.8,39.1,71600,0.61,1RNSW Rest of NSW,NSW
105,Far West and Orana,2021,117180,0.3,58701,58479,38.6,40.1,39.4,70905,0.605,1RNSW Rest of NSW,NSW
105,Far West and Orana,2022,117115,0.3,58694,58421,38.6,40.3,39.4,70320,0.6,1RNSW Rest of NSW,NSW
105,Far West and Orana,2023,117882,0.3,59097,58802,38.4,40.1,39.3,70541,0.598,1RNSW Rest of NSW,NSW
106,Hunter Valley exc Newcastle,2019,282474,13.1,141497,140977,37.7,39.5,38.6,175599,0.622,1RNSW Rest of NSW,NSW
106,Hunter Valley exc Newcastle,2020,287767,13.4,144281,143486,38.0,39.9,39.0,177955,0.618,1RNSW Rest of NSW,NSW
106,Hunter Valley exc Newcastle,2021,293070,13.6,147131,145939,38.6,40.4,39.5,180030,0.614,1RNSW Rest of NSW,NSW
106,Hunter Valley exc Newcastle,2022,299562,13.9,150385,149177,38.7,40.5,39.6,183593,0.613,1RNSW Rest of NSW,NSW
106,Hunter Valley exc Newcastle,2023,305072,14.2,153210,151905,38.6,40.5,39.6,186862,0.612,1RNSW Rest of NSW,NSW
107,Illawarra,2019,310565,201.8,153843,156722,37.3,39.9,38.6,198413,0.639,1RNSW Rest of NSW,NSW
107,Illawarra,2020,312808,203.2,154976,157832,37.8,40.3,39.0,198775,0.635,1RNSW Rest of NSW,NSW
107,Illawarra,2021,314091,204.1,155753,158338,38.4,40.8,39.6,198278,0.631,1RNSW Rest of NSW,NSW
107,Illawarra,2022,317670,206.4,157541,160129,38.3,40.8,39.5,200362,0.631,1RNSW Rest of NSW,NSW
107,Illawarra,2023,321771,209.0,159543,162264,38.1,40.6,39.3,203390,0.632,1RNSW Rest of NSW,NSW
108,Mid North Coast,2019,224399,11.9,109977,114422,48.4,50.1,49.3,125021,0.557,1RNSW Rest of NSW,NSW
108,Mid North Coast,2020,226916,12.0,111243,115673,49.0,50.7,49.8,125301,0.552,1RNSW Rest of NSW,NSW
108,Mid North Coast,2021,228986,12.1,112420,116566,49.6,51.1,50.4,125215,0.547,1RNSW Rest of NSW,NSW
108,Mid North Coast,2022,231877,12.3,113849,118028,49.9,51.4,50.6,125901,0.5429999999999999,1RNSW Rest of NSW,NSW
108,Mid North Coast,2023,234285,12.4,115156,119132,49.8,51.6,50.8,126619,0.54,1RNSW Rest of NSW,NSW
109,Murray,2019,121299,1.2,60241,61058,41.5,43.3,42.5,72616,0.599,1RNSW Rest of NSW,NSW
109,Murray,2020,122447,1.3,60853,61594,42.0,43.9,43.0,72786,0.594,1RNSW Rest of NSW,NSW
109,Murray,2021,123382,1.3,61433,61949,42.6,44.3,43.5,72563,0.588,1RNSW Rest of NSW,NSW
109,Murray,2022,124553,1.3,61990,62563,43.0,44.5,43.8,72702,0.584,1RNSW Rest of NSW,NSW
109,Murray,2023,126004,1.3,62809,63206,43.0,44.5,43.7,73190,0.581,1RNSW Rest of NSW,NSW
110,New England and North West,2019,187934,1.9,93105,94829,39.0,40.6,39.8,113636,0.605,1RNSW Rest of NSW,NSW
110,New England and North West,2020,187548,1.9,93026,94522,39.4,41.1,40.2,112735,0.601,1RNSW Rest of NSW,NSW
110,New England and North West,2021,186972,1.9,92906,94066,39.9,41.6,40.7,111810,0.598,1RNSW Rest of NSW,NSW
110,New England and North West,2022,187914,1.9,93302,94612,40.1,41.7,40.9,111746,0.595,1RNSW Rest of NSW,NSW
110,New England and North West,2023,189304,1.9,94026,95305,40.0,41.8,40.9,112459,0.594,1RNSW Rest of NSW,NSW
111,Newcastle and Lake Macquarie,2019,383177,440.1,189285,193892,37.4,40.2,38.8,243968,0.637,1RNSW Rest of NSW,NSW
111,Newcastle and Lake Macquarie,2020,387722,445.4,191603,196119,37.8,40.5,39.2,245711,0.634,1RNSW Rest of NSW,NSW
111,Newcastle and Lake Macquarie,2021,391306,449.5,193530,197776,38.4,41.0,39.7,246462,0.63,1RNSW Rest of NSW,NSW
111,Newcastle and Lake Macquarie,2022,396319,455.2,195932,200387,38.3,40.9,39.6,249618,0.63,1RNSW Rest of NSW,NSW
111,Newcastle and Lake Macquarie,2023,401855,461.6,198789,203103,38.2,40.7,39.4,253868,0.632,1RNSW Rest of NSW,NSW
112,Richmond - Tweed,2019,253126,24.6,123557,129569,44.4,46.1,45.3,152107,0.601,1RNSW Rest of NSW,NSW
112,Richmond - Tweed,2020,255448,24.9,124703,130745,44.7,46.4,45.6,152436,0.597,1RNSW Rest of NSW,NSW
112,Richmond - Tweed,2021,256820,25.0,125546,131274,45.1,46.8,46.0,151985,0.5920000000000001,1RNSW Rest of NSW,NSW
112,Richmond - Tweed,2022,258755,25.2,126499,132256,45.2,46.9,46.1,152174,0.588,1RNSW Rest of NSW,NSW
112,Richmond - Tweed,2023,260434,25.4,127344,133108,45.1,46.9,46.0,152637,0.586,1RNSW Rest of NSW,NSW
113,Riverina,2019,162853,2.9,81752,81101,36.9,38.7,37.8,101250,0.622,1RNSW Rest of NSW,NSW
113,Riverina,2020,163894,2.9,82299,81595,37.2,39.0,38.1,101489,0.619,1RNSW Rest of NSW,NSW
113,Riverina,2021,164287,2.9,82439,81848,37.7,39.4,38.5,100997,0.615,1RNSW Rest of NSW,NSW
113,Riverina,2022,164580,2.9,82601,81979,37.8,39.6,38.7,100620,0.611,1RNSW Rest of NSW,NSW
113,Riverina,2023,165207,2.9,82943,82288,37.8,39.6,38.7,100637,0.609,1RNSW Rest of NSW,NSW
114,Southern Highlands and Shoalhaven,2019,156865,23.4,77442,79423,46.0,48.5,47.3,89496,0.5710000000000001,1RNSW Rest of NSW,NSW
114,Southern Highlands and Shoalhaven,2020,159040,23.7,78608,80432,46.5,49.1,47.8,90102,0.5670000000000001,1RNSW Rest of NSW,NSW
114,Southern Highlands and Shoalhaven,2021,160808,24.0,79662,81146,46.9,49.5,48.2,90229,0.561,1RNSW Rest of NSW,NSW
114,Southern Highlands and Shoalhaven,2022,162163,24.2,80315,81848,46.8,49.7,48.4,90474,0.5579999999999999,1RNSW Rest of NSW,NSW
114,Southern Highlands and Shoalhaven,2023,162762,24.3,80575,82193,46.8,49.8,48.3,90664,0.557,1RNSW Rest of NSW,NSW
115,Sydney - Baulkham Hills and Hawkesbury,2019,253455,78.0,126290,127165,37.8,39.7,38.8,163484,0.645,1GSYD Greater Sydney,NSW
115,Sydney - Baulkham Hills and Hawkesbury,2020,260000,80.0,129455,130545,38.2,40.0,39.1,166795,0.642,1GSYD Greater Sydney,NSW
115,Sydney - Baulkham Hills and Hawkesbury,2021,265431,81.6,131993,133438,38.6,40.3,39.5,169041,0.637,1GSYD Greater Sydney,NSW
115,Sydney - Baulkham Hills and Hawkesbury,2022,271504,83.5,134946,136558,38.8,40.4,39.6,172773,0.636,1GSYD Greater Sydney,NSW
115,Sydney - Baulkham Hills and Hawkesbury,2023,280057,86.1,139187,140901,38.8,40.4,39.6,179008,0.639,1GSYD Greater Sydney,NSW
116,Sydney - Blacktown,2019,383912,1593.8,192861,191051,33.2,34.3,33.8,257831,0.672,1GSYD Greater Sydney,NSW
116,Sydney - Blacktown,2020,395875,1643.4,198712,197163,33.5,34.5,34.1,264703,0.669,1GSYD Greater Sydney,NSW
116,Sydney - Blacktown,2021,404175,1677.9,202821,201354,33.9,34.9,34.4,268438,0.664,1GSYD Greater Sydney,NSW
116,Sydney - Blacktown,2022,415176,1723.6,208114,207062,34.2,35.1,34.7,275842,0.664,1GSYD Greater Sydney,NSW
116,Sydney - Blacktown,2023,430410,1786.8,215818,214719,34.1,35.2,34.7,287284,0.667,1GSYD Greater Sydney,NSW
117,Sydney - City and Inner South,2019,349337,5284.7,180330,169007,33.9,33.0,33.5,280569,0.8029999999999999,1GSYD Greater Sydney,NSW
117,Sydney - City and Inner South,2020,348533,5272.5,180102,168431,34.2,33.4,33.8,279113,0.8009999999999999,1GSYD Greater Sydney,NSW
117,Sydney - City and Inner South,2021,335351,5073.1,173876,161475,34.6,33.8,34.2,267567,0.7979999999999999,1GSYD Greater Sydney,NSW
117,Sydney - City and Inner South,2022,340319,5148.3,176312,164007,34.5,33.7,34.1,271686,0.7979999999999999,1GSYD Greater Sydney,NSW
117,Sydney - City and Inner South,2023,356208,5388.6,184731,171457,33.9,33.2,33.6,287067,0.8059999999999999,1GSYD Greater Sydney,NSW
118,Sydney - Eastern Suburbs,2019,280099,4851.5,136968,143131,35.8,36.7,36.3,195221,0.6970000000000001,1GSYD Greater Sydney,NSW
118,Sydney - Eastern Suburbs,2020,275673,4774.9,134489,141184,36.3,37.3,36.8,191126,0.693,1GSYD Greater Sydney,NSW
118,Sydney - Eastern Suburbs,2021,263629,4566.3,128115,135514,36.9,37.7,37.3,181842,0.69,1GSYD Greater Sydney,NSW
118,Sydney - Eastern Suburbs,2022,263684,4567.2,128058,135626,36.4,37.3,36.8,182863,0.693,1GSYD Greater Sydney,NSW
118,Sydney - Eastern Suburbs,2023,273141,4731.0,132892,140247,35.4,36.3,35.9,192825,0.706,1GSYD Greater Sydney,NSW
119,Sydney - Inner South West,2019,615713,3756.0,307620,308093,34.9,36.9,35.9,412663,0.67,1GSYD Greater Sydney,NSW
119,Sydney - Inner South West,2020,616120,3758.5,308049,308071,35.4,37.5,36.4,411411,0.6679999999999999,1GSYD Greater Sydney,NSW
119,Sydney - Inner South West,2021,607516,3706.0,304534,302982,35.8,38.0,36.9,403368,0.664,1GSYD Greater Sydney,NSW
119,Sydney - Inner South West,2022,607710,3707.2,304570,303140,35.8,38.2,37.0,403425,0.664,1GSYD Greater Sydney,NSW
119,Sydney - Inner South West,2023,623323,3802.4,312829,310646,35.4,37.8,36.6,418029,0.67,1GSYD Greater Sydney,NSW
120,Sydney - Inner West,2019,314399,4870.7,154403,159996,35.4,37.3,36.4,222117,0.706,1GSYD Greater Sydney,NSW
120,Sydney - Inner West,2020,313337,4854.2,153854,159483,35.8,37.8,36.8,220456,0.7040000000000001,1GSYD Greater Sydney,NSW
120,Sydney - Inner West,2021,306445,4747.5,150368,156077,36.2,38.3,37.2,214535,0.7,1GSYD Greater Sydney,NSW
120,Sydney - Inner West,2022,306142,4742.8,150308,155834,36.1,38.4,37.2,214609,0.701,1GSYD Greater Sydney,NSW
120,Sydney - Inner West,2023,314758,4876.3,154876,159900,35.6,37.8,36.7,223352,0.71,1GSYD Greater Sydney,NSW
121,Sydney - North Sydney and Hornsby,2019,435128,1581.7,211017,224111,38.0,40.1,39.1,285616,0.6559999999999999,1GSYD Greater Sydney,NSW
121,Sydney - North Sydney and Hornsby,2020,434899,1580.9,210661,224238,38.6,40.6,39.6,283951,0.653,1GSYD Greater Sydney,NSW
121,Sydney - North Sydney and Hornsby,2021,426172,1549.2,206378,219794,39.2,41.1,40.2,276620,0.649,1GSYD Greater Sydney,NSW
121,Sydney - North Sydney and Hornsby,2022,425420,1546.4,205970,219450,39.3,41.4,40.4,276468,0.65,1GSYD Greater Sydney,NSW
121,Sydney - North Sydney and Hornsby,2023,437388,1589.9,211757,225603,39.0,41.1,40.1,287337,0.657,1GSYD Greater Sydney,NSW
122,Sydney - Northern Beaches,2019,268935,1057.9,132433,136502,39.6,41.5,40.6,171453,0.638,1GSYD Greater Sydney,NSW
122,Sydney - Northern Beaches,2020,268164,1054.9,131941,136223,40.1,42.0,41.1,170589,0.636,1GSYD Greater Sydney,NSW
122,Sydney - Northern Beaches,2021,264567,1040.8,130141,134426,40.6,42.5,41.5,167982,0.635,1GSYD Greater Sydney,NSW
122,Sydney - Northern Beaches,2022,263340,1035.9,129534,133806,40.6,42.7,41.7,167592,0.636,1GSYD Greater Sydney,NSW
122,Sydney - Northern Beaches,2023,267899,1053.9,131820,136101,40.3,42.4,41.4,172133,0.642,1GSYD Greater Sydney,NSW
123,Sydney - Outer South West,2019,289570,226.7,143357,146213,33.9,35.1,34.5,189598,0.655,1GSYD Greater Sydney,NSW
123,Sydney - Outer South West,2020,295312,231.2,146100,149212,34.3,35.4,34.9,191898,0.65,1GSYD Greater Sydney,NSW
123,Sydney - Outer South West,2021,299151,234.2,147838,151313,34.7,35.9,35.3,192800,0.644,1GSYD Greater Sydney,NSW
123,Sydney - Outer South West,2022,304168,238.1,150343,153825,34.8,36.1,35.5,195914,0.644,1GSYD Greater Sydney,NSW
123,Sydney - Outer South West,2023,311277,243.7,154028,157326,34.8,36.2,35.5,200590,0.644,1GSYD Greater Sydney,NSW
124,Sydney - Outer West and Blue Mountains,2019,328401,82.8,162317,166084,35.4,37.2,36.3,214259,0.652,1GSYD Greater Sydney,NSW
124,Sydney - Outer West and Blue Mountains,2020,332123,83.7,164045,168078,35.8,37.6,36.7,215548,0.649,1GSYD Greater Sydney,NSW
124,Sydney - Outer West and Blue Mountains,2021,334122,84.2,165065,169057,36.2,38.1,37.2,215437,0.645,1GSYD Greater Sydney,NSW
124,Sydney - Outer West and Blue Mountains,2022,336131,84.7,166084,170047,36.3,38.2,37.3,216142,0.643,1GSYD Greater Sydney,NSW
124,Sydney - Outer West and Blue Mountains,2023,341106,86.0,168831,172348,36.4,38.3,37.4,219663,0.644,1GSYD Greater Sydney,NSW
125,Sydney - Parramatta,2019,500401,3073.1,257115,243286,33.4,34.3,33.9,345381,0.69,1GSYD Greater Sydney,NSW
125,Sydney - Parramatta,2020,503218,3090.4,258453,244765,33.7,34.7,34.2,346652,0.6890000000000001,1GSYD Greater Sydney,NSW
125,Sydney - Parramatta,2021,496953,3051.9,254923,242030,34.1,35.1,34.6,341064,0.6859999999999999,1GSYD Greater Sydney,NSW
125,Sydney - Parramatta,2022,498791,3063.2,256143,242648,34.0,35.3,34.7,342088,0.6859999999999999,1GSYD Greater Sydney,NSW
125,Sydney - Parramatta,2023,514776,3161.3,264376,250549,33.9,35.1,34.4,356014,0.691,1GSYD Greater Sydney,NSW
126,Sydney - Ryde,2019,203236,2931.1,99778,103458,36.0,37.9,36.9,138048,0.679,1GSYD Greater Sydney,NSW
126,Sydney - Ryde,2020,205136,2958.5,100660,104476,36.4,38.2,37.3,138823,0.677,1GSYD Greater Sydney,NSW
126,Sydney - Ryde,2021,203001,2927.8,99443,103558,37.0,38.8,37.9,136401,0.672,1GSYD Greater Sydney,NSW
126,Sydney - Ryde,2022,205009,2956.7,100634,104375,36.8,38.9,37.8,138011,0.6729999999999999,1GSYD Greater Sydney,NSW
126,Sydney - Ryde,2023,211055,3043.9,103828,107231,36.3,38.6,37.4,143916,0.682,1GSYD Greater Sydney,NSW
127,Sydney - South West,2019,459961,851.3,229158,230803,33.9,35.4,34.7,307295,0.6679999999999999,1GSYD Greater Sydney,NSW
127,Sydney - South West,2020,469650,869.3,233904,235746,34.3,35.7,35.0,312129,0.665,1GSYD Greater Sydney,NSW
127,Sydney - South West,2021,476403,881.8,237243,239160,34.6,36.2,35.4,314425,0.66,1GSYD Greater Sydney,NSW
127,Sydney - South West,2022,485944,899.4,241951,243993,34.6,36.2,35.5,320349,0.659,1GSYD Greater Sydney,NSW
127,Sydney - South West,2023,501975,929.1,249780,252323,34.5,36.1,35.3,331816,0.6609999999999999,1GSYD Greater Sydney,NSW
128,Sydney - Sutherland,2019,228594,772.7,112619,115975,38.6,40.9,39.8,145731,0.638,1GSYD Greater Sydney,NSW
128,Sydney - Sutherland,2020,229755,776.6,113102,116653,39.1,41.4,40.3,145693,0.634,1GSYD Greater Sydney,NSW
128,Sydney - Sutherland,2021,230392,778.7,113295,117097,39.8,42.0,40.9,144948,0.629,1GSYD Greater Sydney,NSW
128,Sydney - Sutherland,2022,231298,781.8,113741,117557,39.8,42.1,41.0,145279,0.628,1GSYD Greater Sydney,NSW
128,Sydney - Sutherland,2023,234422,792.4,115266,119192,39.8,42.0,40.9,147529,0.629,1GSYD Greater Sydney,NSW
201,Ballarat,2019,168399,16.4,83145,85254,39.6,42.0,40.8,104696,0.622,2RVIC Rest of VIC,VIC
201,Ballarat,2020,170883,16.6,84227,86656,40.0,42.4,41.3,105602,0.618,2RVIC Rest of VIC,VIC
201,Ballarat,2021,173311,16.8,85196,88115,40.8,43.0,42.0,106313,0.613,2RVIC Rest of VIC,VIC
201,Ballarat,2022,176161,17.1,86730,89431,40.9,43.2,42.1,107985,0.613,2RVIC Rest of VIC,VIC
201,Ballarat,2023,178802,17.4,87915,90903,40.9,43.2,42.1,109663,0.613,2RVIC Rest of VIC,VIC
202,Bendigo,2019,163120,13.8,80137,82983,40.1,42.1,41.1,100694,0.617,2RVIC Rest of VIC,VIC
202,Bendigo,2020,165406,14.0,81220,84186,40.6,42.7,41.7,101285,0.612,2RVIC Rest of VIC,VIC
202,Bendigo,2021,167266,14.1,81943,85323,41.4,43.5,42.5,101403,0.606,2RVIC Rest of VIC,VIC
202,Bendigo,2022,169097,14.3,82940,86157,41.7,43.9,42.9,102034,0.603,2RVIC Rest of VIC,VIC
202,Bendigo,2023,170855,14.4,83728,87141,41.7,44.0,42.9,102796,0.602,2RVIC Rest of VIC,VIC
203,Geelong,2019,312221,70.5,153586,158635,37.3,40.1,38.7,198100,0.634,2RVIC Rest of VIC,VIC
203,Geelong,2020,320328,72.3,157481,162847,37.6,40.5,39.0,202397,0.632,2RVIC Rest of VIC,VIC
203,Geelong,2021,327615,74.0,160796,166819,38.3,41.1,39.7,204919,0.625,2RVIC Rest of VIC,VIC
203,Geelong,2022,334683,75.6,164277,170406,38.5,41.2,39.8,208558,0.623,2RVIC Rest of VIC,VIC
203,Geelong,2023,341908,77.2,167827,174107,38.4,41.2,39.8,212743,0.622,2RVIC Rest of VIC,VIC
204,Hume,2019,179891,5.3,89411,90480,42.9,44.7,43.8,109130,0.607,2RVIC Rest of VIC,VIC
204,Hume,2020,182122,5.4,90347,91775,43.4,45.3,44.4,109597,0.602,2RVIC Rest of VIC,VIC
204,Hume,2021,184208,5.4,91243,92965,44.2,45.9,45.1,109782,0.596,2RVIC Rest of VIC,VIC
204,Hume,2022,185875,5.5,91965,93910,44.5,46.2,45.4,110218,0.593,2RVIC Rest of VIC,VIC
204,Hume,2023,187626,5.5,92738,94899,44.5,46.2,45.4,110840,0.591,2RVIC Rest of VIC,VIC
205,Latrobe - Gippsland,2019,289830,7.0,143451,146379,43.4,45.4,44.4,172856,0.596,2RVIC Rest of VIC,VIC
205,Latrobe - Gippsland,2020,294831,7.1,145802,149029,43.9,45.9,44.9,174566,0.5920000000000001,2RVIC Rest of VIC,VIC
205,Latrobe - Gippsland,2021,299912,7.2,148092,151820,44.9,46.6,45.8,175572,0.585,2RVIC Rest of VIC,VIC
205,Latrobe - Gippsland,2022,304424,7.3,150209,154215,45.2,46.8,46.0,176946,0.581,2RVIC Rest of VIC,VIC
205,Latrobe - Gippsland,2023,307781,7.4,151839,155968,45.1,46.9,46.0,178151,0.579,2RVIC Rest of VIC,VIC
206,Melbourne - Inner,2019,670256,4704.9,327976,342280,33.4,33.2,33.3,521973,0.779,2GMEL Greater Melbourne,VIC
206,Melbourne - Inner,2020,670684,4707.9,328316,342368,33.8,33.7,33.7,521814,0.778,2GMEL Greater Melbourne,VIC
206,Melbourne - Inner,2021,626913,4400.7,306662,320251,34.4,34.3,34.4,485528,0.774,2GMEL Greater Melbourne,VIC
206,Melbourne - Inner,2022,636905,4470.8,311119,325786,34.2,34.0,34.1,496610,0.78,2GMEL Greater Melbourne,VIC
206,Melbourne - Inner,2023,676193,4746.6,330852,344699,33.7,33.5,33.6,532576,0.7879999999999999,2GMEL Greater Melbourne,VIC
207,Melbourne - Inner East,2019,390970,2664.3,189552,201418,37.1,40.8,39.1,257801,0.659,2GMEL Greater Melbourne,VIC
207,Melbourne - Inner East,2020,391447,2667.6,189539,201908,37.8,41.4,39.7,257289,0.657,2GMEL Greater Melbourne,VIC
207,Melbourne - Inner East,2021,377518,2572.6,182649,194869,38.6,42.1,40.4,245987,0.652,2GMEL Greater Melbourne,VIC
207,Melbourne - Inner East,2022,379631,2587.0,183534,196097,38.4,42.0,40.2,248172,0.654,2GMEL Greater Melbourne,VIC
207,Melbourne - Inner East,2023,392466,2674.5,189729,202553,37.6,41.3,39.6,259591,0.662,2GMEL Greater Melbourne,VIC
208,Melbourne - Inner South,2019,437776,2710.7,211888,225888,38.2,40.9,39.5,285272,0.652,2GMEL Greater Melbourne,VIC
208,Melbourne - Inner South,2020,438341,2714.2,212045,226296,38.7,41.4,40.1,284923,0.65,2GMEL Greater Melbourne,VIC
208,Melbourne - Inner South,2021,427065,2644.4,206467,220598,39.4,42.0,40.8,276372,0.647,2GMEL Greater Melbourne,VIC
208,Melbourne - Inner South,2022,428804,2655.2,207162,221642,39.6,42.1,40.9,278218,0.649,2GMEL Greater Melbourne,VIC
208,Melbourne - Inner South,2023,440319,2726.5,212423,227771,39.2,41.7,40.5,288129,0.655,2GMEL Greater Melbourne,VIC
209,Melbourne - North East,2019,546453,295.2,270841,275612,35.4,37.1,36.3,365178,0.6679999999999999,2GMEL Greater Melbourne,VIC
209,Melbourne - North East,2020,552028,298.2,273641,278387,35.9,37.6,36.7,367277,0.665,2GMEL Greater Melbourne,VIC
209,Melbourne - North East,2021,546262,295.1,270871,275391,36.3,38.1,37.2,360600,0.66,2GMEL Greater Melbourne,VIC
209,Melbourne - North East,2022,553249,298.8,274374,278875,36.5,38.3,37.4,365373,0.66,2GMEL Greater Melbourne,VIC
209,Melbourne - North East,2023,568832,307.3,282050,286790,36.4,38.1,37.3,377276,0.6629999999999999,2GMEL Greater Melbourne,VIC
210,Melbourne - North West,2019,418549,258.4,209210,209339,33.9,35.7,34.8,277900,0.664,2GMEL Greater Melbourne,VIC
210,Melbourne - North West,2020,428334,264.5,214081,214253,34.1,35.9,35.0,283828,0.6629999999999999,2GMEL Greater Melbourne,VIC
210,Melbourne - North West,2021,429028,264.9,214222,214806,34.6,36.2,35.4,282279,0.6579999999999999,2GMEL Greater Melbourne,VIC
210,Melbourne - North West,2022,436673,269.6,217896,218777,34.8,36.4,35.6,287195,0.6579999999999999,2GMEL Greater Melbourne,VIC
210,Melbourne - North West,2023,450787,278.3,224830,225992,34.7,36.3,35.5,297790,0.6609999999999999,2GMEL Greater Melbourne,VIC
211,Melbourne - Outer East,2019,531078,282.7,261655,269423,37.9,40.4,39.1,346573,0.653,2GMEL Greater Melbourne,VIC
211,Melbourne - Outer East,2020,531241,282.8,261569,269672,38.3,40.9,39.6,344693,0.649,2GMEL Greater Melbourne,VIC
211,Melbourne - Outer East,2021,522758,278.3,256892,265866,39.0,41.6,40.3,335825,0.642,2GMEL Greater Melbourne,VIC
211,Melbourne - Outer East,2022,521547,277.6,256105,265442,39.3,41.7,40.6,333492,0.639,2GMEL Greater Melbourne,VIC
211,Melbourne - Outer East,2023,527888,281.0,259266,268631,39.4,41.8,40.6,338012,0.64,2GMEL Greater Melbourne,VIC
212,Melbourne - South East,2019,859376,447.1,432531,426845,33.8,35.5,34.7,575697,0.67,2GMEL Greater Melbourne,VIC
212,Melbourne - South East,2020,876136,455.8,440665,435471,34.1,35.9,35.0,585340,0.6679999999999999,2GMEL Greater Melbourne,VIC
212,Melbourne - South East,2021,870398,452.8,436913,433485,34.6,36.3,35.5,577018,0.6629999999999999,2GMEL Greater Melbourne,VIC
212,Melbourne - South East,2022,885164,460.5,444360,440804,34.7,36.4,35.6,587471,0.664,2GMEL Greater Melbourne,VIC
212,Melbourne - South East,2023,915821,476.4,460176,455558,34.5,36.3,35.4,611555,0.6679999999999999,2GMEL Greater Melbourne,VIC
213,Melbourne - West,2019,841435,594.1,422778,418657,33.4,34.4,33.9,572121,0.68,2GMEL Greater Melbourne,VIC
213,Melbourne - West,2020,860519,607.6,432373,428146,33.7,34.7,34.2,582900,0.677,2GMEL Greater Melbourne,VIC
213,Melbourne - West,2021,864113,610.1,434223,429890,34.2,35.1,34.6,581668,0.6729999999999999,2GMEL Greater Melbourne,VIC
213,Melbourne - West,2022,886794,626.1,445704,441090,34.3,35.3,34.8,596785,0.6729999999999999,2GMEL Greater Melbourne,VIC
213,Melbourne - West,2023,922709,651.5,464232,458524,34.3,35.3,34.8,622665,0.675,2GMEL Greater Melbourne,VIC
214,Mornington Peninsula,2019,310564,363.8,151700,158864,41.0,43.6,42.3,190938,0.615,2GMEL Greater Melbourne,VIC
214,Mornington Peninsula,2020,312377,365.9,152497,159880,41.5,44.2,42.9,190860,0.611,2GMEL Greater Melbourne,VIC
214,Mornington Peninsula,2021,311264,364.6,151888,159376,42.3,45.0,43.7,188251,0.605,2GMEL Greater Melbourne,VIC
214,Mornington Peninsula,2022,310894,364.1,151602,159292,42.5,45.2,43.9,187300,0.602,2GMEL Greater Melbourne,VIC
214,Mornington Peninsula,2023,313053,366.7,152721,160348,42.5,45.3,44.0,188525,0.602,2GMEL Greater Melbourne,VIC
215,North West,2019,154779,2.0,77838,76941,41.5,43.7,42.6,94085,0.608,1RNSW Rest of NSW,NSW
215,North West,2020,155797,2.0,78240,77557,41.8,44.0,42.9,94298,0.605,1RNSW Rest of NSW,NSW
215,North West,2021,155154,2.0,77853,77301,42.5,44.3,43.4,93323,0.601,1RNSW Rest of NSW,NSW
215,North West,2022,154937,2.0,77814,77123,42.6,44.5,43.5,92768,0.599,1RNSW Rest of NSW,NSW
215,North West,2023,154790,2.0,77711,77091,42.5,44.4,43.5,92466,0.597,1RNSW Rest of NSW,NSW
216,Shepparton,2019,135916,12.4,67938,67978,40.9,42.6,41.8,81994,0.603,2RVIC Rest of VIC,VIC
216,Shepparton,2020,137108,12.5,68423,68685,41.2,43.0,42.2,82322,0.6,2RVIC Rest of VIC,VIC
216,Shepparton,2021,137406,12.6,68510,68896,42.1,43.8,43.0,81843,0.596,2RVIC Rest of VIC,VIC
216,Shepparton,2022,138077,12.6,68720,69357,42.4,44.0,43.2,81774,0.5920000000000001,2RVIC Rest of VIC,VIC
216,Shepparton,2023,138176,12.6,68870,69314,42.4,44.1,43.3,81735,0.591,2RVIC Rest of VIC,VIC
217,Warrnambool and South West,2019,126692,4.8,62894,63798,42.5,45.0,43.8,77052,0.608,2RVIC Rest of VIC,VIC
217,Warrnambool and South West,2020,127464,4.8,63208,64256,43.1,45.6,44.4,76879,0.603,2RVIC Rest of VIC,VIC
217,Warrnambool and South West,2021,127631,4.8,63174,64457,44.0,46.4,45.2,76119,0.596,2RVIC Rest of VIC,VIC
217,Warrnambool and South West,2022,127716,4.8,63250,64466,44.3,46.6,45.5,75778,0.593,2RVIC Rest of VIC,VIC
217,Warrnambool and South West,2023,128235,4.9,63485,64760,44.2,46.7,45.5,75765,0.591,2RVIC Rest of VIC,VIC
301,Brisbane - East,2019,239936,367.4,117856,122080,39.5,42.0,40.8,151785,0.633,3GBRI Greater Brisbane,QLD
301,Brisbane - East,2020,242115,370.7,118914,123201,39.9,42.5,41.3,152222,0.629,3GBRI Greater Brisbane,QLD
301,Brisbane - East,2021,243445,372.7,119763,123682,40.5,43.0,41.8,152222,0.625,3GBRI Greater Brisbane,QLD
301,Brisbane - East,2022,246007,376.7,121022,124985,40.8,43.3,42.1,153223,0.623,3GBRI Greater Brisbane,QLD
301,Brisbane - East,2023,250195,383.1,123064,127141,40.8,43.3,42.1,156223,0.624,3GBRI Greater Brisbane,QLD
302,Brisbane - North,2019,224562,1201.2,109993,114569,35.9,37.9,36.9,149571,0.6659999999999999,3GBRI Greater Brisbane,QLD
302,Brisbane - North,2020,226900,1213.7,111216,115684,36.2,38.2,37.2,150999,0.665,3GBRI Greater Brisbane,QLD
302,Brisbane - North,2021,227782,1218.4,111715,116067,36.7,38.6,37.6,151437,0.665,3GBRI Greater Brisbane,QLD
302,Brisbane - North,2022,230819,1234.7,113176,117643,36.7,38.6,37.7,153766,0.6659999999999999,3GBRI Greater Brisbane,QLD
302,Brisbane - North,2023,235620,1260.3,115603,120020,36.7,38.6,37.6,157663,0.669,3GBRI Greater Brisbane,QLD
303,Brisbane - South,2019,372374,1403.4,184046,188328,33.9,35.4,34.7,257359,0.691,3GBRI Greater Brisbane,QLD
303,Brisbane - South,2020,376879,1420.3,186381,190498,34.3,35.8,35.0,259351,0.688,3GBRI Greater Brisbane,QLD
303,Brisbane - South,2021,377159,1421.4,186912,190247,34.7,36.2,35.4,258897,0.6859999999999999,3GBRI Greater Brisbane,QLD
303,Brisbane - South,2022,383579,1445.6,189977,193602,34.7,36.2,35.4,263329,0.687,3GBRI Greater Brisbane,QLD
303,Brisbane - South,2023,395754,1491.5,196205,199492,34.5,36.0,35.2,273955,0.6920000000000001,3GBRI Greater Brisbane,QLD
304,Brisbane - West,2019,192628,714.4,94785,97843,35.4,37.9,36.7,126942,0.659,3GBRI Greater Brisbane,QLD
304,Brisbane - West,2020,193716,718.4,95327,98389,36.0,38.5,37.3,126954,0.655,3GBRI Greater Brisbane,QLD
304,Brisbane - West,2021,191924,711.8,94600,97324,36.6,39.3,38.1,124950,0.6509999999999999,3GBRI Greater Brisbane,QLD
304,Brisbane - West,2022,193394,717.2,95356,98038,36.7,39.5,38.2,126264,0.653,3GBRI Greater Brisbane,QLD
304,Brisbane - West,2023,198645,736.7,97835,100730,36.0,39.0,37.7,131214,0.6609999999999999,3GBRI Greater Brisbane,QLD
305,Brisbane Inner City,2019,291095,3561.3,145083,146012,33.3,33.1,33.2,222197,0.763,3GBRI Greater Brisbane,QLD
305,Brisbane Inner City,2020,298250,3648.8,148683,149567,33.6,33.4,33.5,227907,0.764,3GBRI Greater Brisbane,QLD
305,Brisbane Inner City,2021,297656,3641.5,148563,149093,34.0,33.8,33.9,227812,0.765,3GBRI Greater Brisbane,QLD
305,Brisbane Inner City,2022,305719,3740.2,152596,153123,33.9,33.7,33.8,234967,0.769,3GBRI Greater Brisbane,QLD
305,Brisbane Inner City,2023,319850,3913.1,159782,159882,33.6,33.4,33.5,247828,0.775,3GBRI Greater Brisbane,QLD
306,Cairns,2019,254139,11.9,126833,127306,39.6,40.1,39.8,163244,0.642,3RQLD Rest of QLD,QLD
306,Cairns,2020,256262,12.0,127897,128365,40.0,40.6,40.3,163808,0.639,3RQLD Rest of QLD,QLD
306,Cairns,2021,257065,12.0,128278,128787,40.5,41.2,40.9,163655,0.637,3RQLD Rest of QLD,QLD
306,Cairns,2022,260664,12.2,129931,130733,40.9,41.6,41.2,165366,0.634,3RQLD Rest of QLD,QLD
306,Cairns,2023,265364,12.4,132056,133310,40.8,41.6,41.2,168289,0.634,3RQLD Rest of QLD,QLD
307,Darling Downs - Maranoa,2019,129587,0.8,65388,64199,41.2,41.8,41.5,77841,0.601,3RQLD Rest of QLD,QLD
307,Darling Downs - Maranoa,2020,129783,0.8,65348,64435,41.6,42.1,41.9,77517,0.597,3RQLD Rest of QLD,QLD
307,Darling Downs - Maranoa,2021,130036,0.8,65410,64626,42.1,42.7,42.4,77301,0.594,3RQLD Rest of QLD,QLD
307,Darling Downs - Maranoa,2022,130992,0.8,65743,65249,42.3,43.1,42.7,77448,0.591,3RQLD Rest of QLD,QLD
307,Darling Downs - Maranoa,2023,132474,0.8,66555,65936,42.2,43.2,42.8,78181,0.59,3RQLD Rest of QLD,QLD
308,Central Queensland,2019,228045,1.9,115921,112124,36.6,37.0,36.8,147134,0.645,3RQLD Rest of QLD,QLD
308,Central Queensland,2020,229579,2.0,116671,112908,37.1,37.5,37.3,147402,0.642,3RQLD Rest of QLD,QLD
308,Central Queensland,2021,231029,2.0,117405,113624,37.6,38.0,37.8,147547,0.639,3RQLD Rest of QLD,QLD
308,Central Queensland,2022,234166,2.0,118515,115651,38.0,38.3,38.2,148544,0.634,3RQLD Rest of QLD,QLD
308,Central Queensland,2023,238205,2.0,120408,117823,38.2,38.5,38.4,150802,0.633,3RQLD Rest of QLD,QLD
309,Gold Coast,2019,629955,339.1,307703,322252,37.8,39.4,38.6,409937,0.6509999999999999,3RQLD Rest of QLD,QLD
309,Gold Coast,2020,642046,345.6,313525,328521,38.1,39.7,38.9,416820,0.649,3RQLD Rest of QLD,QLD
309,Gold Coast,2021,649491,349.6,317206,332285,38.6,40.2,39.4,420625,0.648,3RQLD Rest of QLD,QLD
309,Gold Coast,2022,663317,357.0,323823,339494,38.6,40.3,39.5,429833,0.648,3RQLD Rest of QLD,QLD
309,Gold Coast,2023,682509,367.4,333447,349041,38.3,40.1,39.2,445186,0.652,3RQLD Rest of QLD,QLD
310,Ipswich,2019,358440,53.6,179328,179112,33.6,34.7,34.2,234179,0.653,3GBRI Greater Brisbane,QLD
310,Ipswich,2020,366107,54.8,183121,182986,33.8,35.0,34.4,238788,0.652,3GBRI Greater Brisbane,QLD
310,Ipswich,2021,373629,55.9,187228,186401,34.1,35.4,34.8,243250,0.6509999999999999,3GBRI Greater Brisbane,QLD
310,Ipswich,2022,384933,57.6,192834,192099,34.4,35.6,35.0,250760,0.6509999999999999,3GBRI Greater Brisbane,QLD
310,Ipswich,2023,397273,59.5,199174,198149,34.4,35.6,35.0,259542,0.653,3GBRI Greater Brisbane,QLD
311,Logan - Beaudesert,2019,350646,135.6,173921,176725,33.6,35.0,34.3,226510,0.6459999999999999,3GBRI Greater Brisbane,QLD
311,Logan - Beaudesert,2020,358678,138.7,177900,180778,33.8,35.3,34.5,230896,0.644,3GBRI Greater Brisbane,QLD
311,Logan - Beaudesert,2021,365586,141.4,181717,183869,34.0,35.5,34.8,234435,0.6409999999999999,3GBRI Greater Brisbane,QLD
311,Logan - Beaudesert,2022,378294,146.3,187976,190318,34.0,35.6,34.8,242438,0.6409999999999999,3GBRI Greater Brisbane,QLD
311,Logan - Beaudesert,2023,393394,152.1,195263,198182,33.8,35.4,34.6,253377,0.644,3GBRI Greater Brisbane,QLD
312,Mackay - Isaac - Whitsunday,2019,177568,2.0,91575,85993,37.3,36.8,37.0,117789,0.6629999999999999,3RQLD Rest of QLD,QLD
312,Mackay - Isaac - Whitsunday,2020,180641,2.0,93026,87615,37.6,37.2,37.4,119434,0.6609999999999999,3RQLD Rest of QLD,QLD
312,Mackay - Isaac - Whitsunday,2021,183209,2.0,94364,88845,38.1,37.7,37.9,120905,0.66,3RQLD Rest of QLD,QLD
312,Mackay - Isaac - Whitsunday,2022,186203,2.1,95852,90351,38.4,38.1,38.3,122376,0.657,3RQLD Rest of QLD,QLD
312,Mackay - Isaac - Whitsunday,2023,189621,2.1,97443,92200,38.6,38.2,38.4,124543,0.657,3RQLD Rest of QLD,QLD
313,Moreton Bay - North,2019,258021,59.4,126637,131384,40.0,42.5,41.3,157248,0.609,3GBRI Greater Brisbane,QLD
313,Moreton Bay - North,2020,263713,60.7,129342,134371,40.5,43.0,41.8,159918,0.606,3GBRI Greater Brisbane,QLD
313,Moreton Bay - North,2021,268977,61.9,132141,136836,40.9,43.5,42.2,162194,0.603,3GBRI Greater Brisbane,QLD
313,Moreton Bay - North,2022,276554,63.7,135731,140823,41.1,43.6,42.3,166664,0.603,3GBRI Greater Brisbane,QLD
313,Moreton Bay - North,2023,284372,65.5,139504,144887,40.9,43.4,42.2,172103,0.605,3GBRI Greater Brisbane,QLD
314,Moreton Bay - South,2019,215376,278.5,106530,108846,34.4,36.0,35.3,141044,0.655,3GBRI Greater Brisbane,QLD
314,Moreton Bay - South,2020,219021,283.2,108317,110704,34.7,36.4,35.6,143290,0.654,3GBRI Greater Brisbane,QLD
314,Moreton Bay - South,2021,221556,286.5,109646,111910,35.1,36.9,36.1,144945,0.654,3GBRI Greater Brisbane,QLD
314,Moreton Bay - South,2022,226447,292.8,111914,114533,35.3,37.0,36.2,148404,0.655,3GBRI Greater Brisbane,QLD
314,Moreton Bay - South,2023,232030,300.0,114722,117331,35.4,37.1,36.3,152842,0.659,3GBRI Greater Brisbane,QLD
315,Queensland - Outback,2019,81677,0.1,42530,39147,33.7,33.2,33.4,54040,0.662,3RQLD Rest of QLD,QLD
315,Queensland - Outback,2020,81640,0.1,42505,39135,34.0,33.7,33.8,54009,0.662,3RQLD Rest of QLD,QLD
315,Queensland - Outback,2021,81605,0.1,42488,39117,34.3,34.0,34.2,53995,0.662,3RQLD Rest of QLD,QLD
315,Queensland - Outback,2022,81679,0.1,42424,39255,34.7,34.2,34.4,53766,0.6579999999999999,3RQLD Rest of QLD,QLD
315,Queensland - Outback,2023,82142,0.1,42620,39538,34.8,34.4,34.6,53629,0.653,3RQLD Rest of QLD,QLD
316,Sunshine Coast,2019,385991,125.1,187010,198981,42.6,44.7,43.7,236074,0.612,3RQLD Rest of QLD,QLD
316,Sunshine Coast,2020,395051,128.0,191230,203821,42.9,45.0,44.0,240840,0.61,3RQLD Rest of QLD,QLD
316,Sunshine Coast,2021,403508,130.8,195288,208220,43.2,45.3,44.3,244755,0.607,3RQLD Rest of QLD,QLD
316,Sunshine Coast,2022,413240,133.9,199985,213255,43.2,45.3,44.3,249709,0.604,3RQLD Rest of QLD,QLD
316,Sunshine Coast,2023,424307,137.5,205136,219173,43.0,45.1,44.1,257004,0.606,3RQLD Rest of QLD,QLD
317,Toowoomba,2019,160330,71.0,77578,82752,35.5,38.2,36.9,100215,0.625,3RQLD Rest of QLD,QLD
317,Toowoomba,2020,162360,71.9,78599,83761,35.8,38.5,37.2,101065,0.622,3RQLD Rest of QLD,QLD
317,Toowoomba,2021,164082,72.6,79532,84550,36.1,38.8,37.5,101790,0.62,3RQLD Rest of QLD,QLD
317,Toowoomba,2022,167199,74.0,81050,86149,36.5,39.1,37.8,103465,0.619,3RQLD Rest of QLD,QLD
317,Toowoomba,2023,170781,75.6,82736,88056,36.4,39.1,37.8,105860,0.62,3RQLD Rest of QLD,QLD
318,Townsville,2019,235745,2.9,118564,117181,35.3,36.9,36.1,155126,0.6579999999999999,3RQLD Rest of QLD,QLD
318,Townsville,2020,236652,3.0,118921,117731,35.7,37.4,36.6,155105,0.655,3RQLD Rest of QLD,QLD
318,Townsville,2021,237383,3.0,119364,118019,36.3,38.0,37.2,155004,0.653,3RQLD Rest of QLD,QLD
318,Townsville,2022,240261,3.0,120793,119468,36.3,38.3,37.4,156476,0.6509999999999999,3RQLD Rest of QLD,QLD
318,Townsville,2023,243772,3.0,122600,121198,36.4,38.5,37.5,158776,0.6509999999999999,3RQLD Rest of QLD,QLD
319,Wide Bay,2019,302732,6.2,150052,152680,46.8,47.9,47.4,174499,0.5760000000000001,3RQLD Rest of QLD,QLD
319,Wide Bay,2020,306220,6.3,151615,154605,47.4,48.6,48.0,175421,0.573,3RQLD Rest of QLD,QLD
319,Wide Bay,2021,310692,6.4,153923,156769,48.2,49.4,48.8,176542,0.568,3RQLD Rest of QLD,QLD
319,Wide Bay,2022,317474,6.5,157091,160383,48.6,49.7,49.2,179485,0.565,3RQLD Rest of QLD,QLD
319,Wide Bay,2023,324169,6.7,160050,164128,48.7,49.9,49.3,183209,0.565,3RQLD Rest of QLD,QLD
401,Adelaide - Central and Hills,2019,309216,206.5,150292,158924,38.9,41.5,40.3,200817,0.649,4GADE Greater Adelaide,SA
401,Adelaide - Central and Hills,2020,314251,209.9,152476,161775,39.1,41.7,40.4,203225,0.647,4GADE Greater Adelaide,SA
401,Adelaide - Central and Hills,2021,315729,210.9,153228,162501,39.4,42.0,40.7,203000,0.643,4GADE Greater Adelaide,SA
401,Adelaide - Central and Hills,2022,319458,213.4,155150,164308,39.4,42.0,40.7,205414,0.643,4GADE Greater Adelaide,SA
401,Adelaide - Central and Hills,2023,327714,218.9,159477,167965,39.0,41.7,40.3,211810,0.647,4GADE Greater Adelaide,SA
402,Adelaide - North,2019,449269,477.9,223300,225969,35.4,37.1,36.2,293298,0.653,4GADE Greater Adelaide,SA
402,Adelaide - North,2020,456767,485.9,226858,229909,35.6,37.4,36.5,297261,0.6509999999999999,4GADE Greater Adelaide,SA
402,Adelaide - North,2021,461134,490.6,228995,232139,35.8,37.7,36.8,298890,0.648,4GADE Greater Adelaide,SA
402,Adelaide - North,2022,467355,497.2,232135,235220,35.9,37.9,36.9,302677,0.648,4GADE Greater Adelaide,SA
402,Adelaide - North,2023,476257,506.7,236641,239497,35.9,37.9,36.9,308968,0.649,4GADE Greater Adelaide,SA
403,Adelaide - South,2019,371846,560.8,180571,191275,39.4,41.9,40.7,236112,0.635,4GADE Greater Adelaide,SA
403,Adelaide - South,2020,375882,566.9,182286,193596,39.7,42.2,41.0,237462,0.632,4GADE Greater Adelaide,SA
403,Adelaide - South,2021,377999,570.1,183250,194749,40.1,42.6,41.4,237633,0.629,4GADE Greater Adelaide,SA
403,Adelaide - South,2022,381354,575.1,184838,196516,40.1,42.6,41.4,238901,0.626,4GADE Greater Adelaide,SA
403,Adelaide - South,2023,387521,584.4,187840,199547,39.9,42.5,41.2,242897,0.627,4GADE Greater Adelaide,SA
404,Adelaide - West,2019,242083,1517.4,118606,123477,38.4,40.9,39.6,161030,0.665,4GADE Greater Adelaide,SA
404,Adelaide - West,2020,245855,1541.0,120179,125676,38.5,41.0,39.7,163449,0.665,4GADE Greater Adelaide,SA
404,Adelaide - West,2021,247010,1548.3,120750,126260,38.7,41.1,39.9,163842,0.6629999999999999,4GADE Greater Adelaide,SA
404,Adelaide - West,2022,250156,1568.0,122103,128053,38.6,41.1,39.8,165809,0.6629999999999999,4GADE Greater Adelaide,SA
404,Adelaide - West,2023,255546,1601.8,124557,130856,38.4,40.8,39.6,169700,0.664,4GADE Greater Adelaide,SA
405,Barossa - Yorke - Mid North,2019,115225,3.1,58226,56999,46.7,47.8,47.3,67731,0.588,4RSAU Rest of SA,SA
405,Barossa - Yorke - Mid North,2020,115960,3.1,58756,57204,47.1,48.3,47.8,67564,0.583,4RSAU Rest of SA,SA
405,Barossa - Yorke - Mid North,2021,116947,3.1,59421,57526,47.6,48.8,48.2,67472,0.5770000000000001,4RSAU Rest of SA,SA
405,Barossa - Yorke - Mid North,2022,117742,3.1,59795,57947,48.0,49.1,48.6,67400,0.5720000000000001,4RSAU Rest of SA,SA
405,Barossa - Yorke - Mid North,2023,118756,3.1,60339,58417,48.1,49.2,48.7,67719,0.57,4RSAU Rest of SA,SA
406,South Australia - Outback,2019,85435,0.1,44108,41327,39.8,40.0,39.9,54091,0.633,4RSAU Rest of SA,SA
406,South Australia - Outback,2020,85449,0.1,44199,41250,40.0,40.3,40.1,53924,0.631,4RSAU Rest of SA,SA
406,South Australia - Outback,2021,85560,0.1,44412,41148,40.2,40.6,40.4,53722,0.628,4RSAU Rest of SA,SA
406,South Australia - Outback,2022,85540,0.1,44384,41156,40.3,41.1,40.7,53427,0.625,4RSAU Rest of SA,SA
406,South Australia - Outback,2023,85762,0.1,44491,41271,40.4,41.2,40.8,53359,0.622,4RSAU Rest of SA,SA
407,South Australia - South East,2019,194321,3.0,98391,95930,45.9,47.6,46.7,114152,0.5870000000000001,4RSAU Rest of SA,SA
407,South Australia - South East,2020,196191,3.0,99711,96480,46.4,48.2,47.3,114285,0.583,4RSAU Rest of SA,SA
407,South Australia - South East,2021,198222,3.0,101011,97211,47.0,48.8,47.9,114315,0.5770000000000001,4RSAU Rest of SA,SA
407,South Australia - South East,2022,199610,3.0,101727,97883,47.4,49.2,48.3,114462,0.573,4RSAU Rest of SA,SA
407,South Australia - South East,2023,201416,3.1,102654,98732,47.5,49.3,48.4,114991,0.5710000000000001,4RSAU Rest of SA,SA
501,Bunbury,2019,188080,7.6,92692,95388,40.8,42.2,41.5,116126,0.617,5RWAU Rest of WA,WA
501,Bunbury,2020,191479,7.7,94765,96714,41.4,42.7,42.1,117412,0.613,5RWAU Rest of WA,WA
501,Bunbury,2021,194976,7.9,96900,98076,42.0,43.3,42.6,118633,0.608,5RWAU Rest of WA,WA
501,Bunbury,2022,198243,8.0,98445,99798,42.3,43.6,43.0,120182,0.606,5RWAU Rest of WA,WA
501,Bunbury,2023,202126,8.1,100328,101716,42.5,43.8,43.1,122188,0.605,5RWAU Rest of WA,WA
502,Mandurah,2019,105875,102.5,51706,54169,43.5,44.8,44.1,61854,0.584,5RWAU Rest of WA,WA
502,Mandurah,2020,108625,105.2,52931,55694,44.1,45.3,44.8,62913,0.579,5RWAU Rest of WA,WA
502,Mandurah,2021,111295,107.8,54116,57179,44.6,45.9,45.3,63833,0.574,5RWAU Rest of WA,WA
502,Mandurah,2022,113980,110.4,55452,58528,44.7,46.3,45.6,65343,0.573,5RWAU Rest of WA,WA
502,Mandurah,2023,118394,114.6,57453,60885,44.4,46.1,45.3,67940,0.574,5RWAU Rest of WA,WA
503,Perth - Inner,2019,184416,1999.0,91660,92756,36.5,37.4,36.9,127388,0.691,5GPER Greater Perth,WA
503,Perth - Inner,2020,188590,2044.2,93787,94803,37.0,37.8,37.4,129846,0.6890000000000001,5GPER Greater Perth,WA
503,Perth - Inner,2021,188755,2046.0,94016,94739,37.4,38.2,37.8,129393,0.6859999999999999,5GPER Greater Perth,WA
503,Perth - Inner,2022,191188,2072.4,95373,95815,37.5,38.4,37.9,130990,0.685,5GPER Greater Perth,WA
503,Perth - Inner,2023,200447,2172.8,100167,99826,36.7,37.7,37.2,139092,0.695,5GPER Greater Perth,WA
504,Perth - North East,2019,273903,155.4,137867,136036,35.8,37.2,36.5,183389,0.67,5GPER Greater Perth,WA
504,Perth - North East,2020,281004,159.4,141316,139688,36.1,37.5,36.8,187280,0.6659999999999999,5GPER Greater Perth,WA
504,Perth - North East,2021,286691,162.7,144289,142402,36.5,37.8,37.1,190102,0.6629999999999999,5GPER Greater Perth,WA
504,Perth - North East,2022,292467,165.9,147239,145228,36.6,38.0,37.3,193824,0.6629999999999999,5GPER Greater Perth,WA
504,Perth - North East,2023,303576,172.2,152788,150580,36.5,37.8,37.2,202148,0.6659999999999999,5GPER Greater Perth,WA
505,Perth - North West,2019,579374,655.4,286374,293000,36.2,37.8,37.0,382117,0.66,5GPER Greater Perth,WA
505,Perth - North West,2020,590449,667.9,291600,298849,36.6,38.2,37.4,387400,0.6559999999999999,5GPER Greater Perth,WA
505,Perth - North West,2021,596988,675.3,294978,302010,37.1,38.7,37.9,389683,0.653,5GPER Greater Perth,WA
505,Perth - North West,2022,604418,683.7,298908,305510,37.3,38.9,38.1,393263,0.6509999999999999,5GPER Greater Perth,WA
505,Perth - North West,2023,624115,706.0,309055,314508,37.1,38.8,38.0,408144,0.655,5GPER Greater Perth,WA
506,Perth - South East,2019,530351,262.0,266780,263571,35.0,36.1,35.5,354474,0.6679999999999999,5GPER Greater Perth,WA
506,Perth - South East,2020,542587,268.1,272697,269890,35.4,36.5,35.9,360766,0.665,5GPER Greater Perth,WA
506,Perth - South East,2021,549135,271.3,276057,273078,35.8,36.9,36.3,363291,0.662,5GPER Greater Perth,WA
506,Perth - South East,2022,557668,275.5,280433,277235,35.9,37.1,36.5,368827,0.6609999999999999,5GPER Greater Perth,WA
506,Perth - South East,2023,579211,286.2,291607,286965,35.6,36.9,36.3,385712,0.667,5GPER Greater Perth,WA
507,Perth - South West,2019,440265,708.9,217932,222333,36.3,37.8,37.1,288670,0.6559999999999999,5GPER Greater Perth,WA
507,Perth - South West,2020,450306,725.1,222699,227607,36.6,38.1,37.4,293909,0.653,5GPER Greater Perth,WA
507,Perth - South West,2021,458974,739.1,227228,231746,37.0,38.5,37.8,298145,0.65,5GPER Greater Perth,WA
507,Perth - South West,2022,468299,754.1,232161,236138,37.2,38.8,38.0,304162,0.65,5GPER Greater Perth,WA
507,Perth - South West,2023,485886,782.4,241088,244416,37.0,38.6,37.8,317465,0.654,5GPER Greater Perth,WA
509,Western Australia - Wheat Belt,2019,139139,0.7,70701,68438,44.5,45.4,45.0,84270,0.606,5RWAU Rest of WA,WA
509,Western Australia - Wheat Belt,2020,140330,0.7,71385,68945,45.1,45.9,45.5,84389,0.601,5RWAU Rest of WA,WA
509,Western Australia - Wheat Belt,2021,141617,0.7,72169,69448,45.6,46.4,46.0,84565,0.597,5RWAU Rest of WA,WA
509,Western Australia - Wheat Belt,2022,142799,0.7,72583,70216,45.7,46.4,46.1,84652,0.593,5RWAU Rest of WA,WA
509,Western Australia - Wheat Belt,2023,144819,0.7,73705,71066,45.5,46.4,45.9,85648,0.5920000000000001,5RWAU Rest of WA,WA
510,Western Australia - Outback (North),2019,96581,0.1,52470,44111,33.7,31.4,32.7,70039,0.725,5RWAU Rest of WA,WA
510,Western Australia - Outback (North),2020,96994,0.1,52304,44690,33.7,31.7,32.8,69848,0.72,5RWAU Rest of WA,WA
510,Western Australia - Outback (North),2021,96943,0.1,51945,44998,33.8,31.9,32.9,69296,0.715,5RWAU Rest of WA,WA
510,Western Australia - Outback (North),2022,97949,0.1,52738,45211,34.1,32.1,33.2,70028,0.715,5RWAU Rest of WA,WA
510,Western Australia - Outback (North),2023,99407,0.1,53498,45852,34.4,32.3,33.4,71301,0.718,5RWAU Rest of WA,WA
511,Western Australia - Outback (South),2019,121641,0.1,62985,58656,38.0,37.8,37.9,79853,0.6559999999999999,5RWAU Rest of WA,WA
511,Western Australia - Outback (South),2020,122548,0.1,63647,58901,38.3,38.3,38.3,80103,0.654,5RWAU Rest of WA,WA
511,Western Australia - Outback (South),2021,123991,0.1,64619,59372,38.8,38.7,38.7,80667,0.6509999999999999,5RWAU Rest of WA,WA
511,Western Australia - Outback (South),2022,124783,0.1,65019,59764,39.2,38.9,39.0,80815,0.648,5RWAU Rest of WA,WA
511,Western Australia - Outback (South),2023,125781,0.1,65562,60162,39.3,39.0,39.2,81133,0.645,5RWAU Rest of WA,WA
601,Hobart,2019,242498,143.0,118958,123540,37.5,40.2,38.8,156139,0.644,6GHOB Greater Hobart,TAS
601,Hobart,2020,246859,145.6,120544,126315,37.4,40.1,38.7,159148,0.645,6GHOB Greater Hobart,TAS
601,Hobart,2021,250717,147.9,122652,128065,37.2,40.0,38.6,162001,0.6459999999999999,6GHOB Greater Hobart,TAS
601,Hobart,2022,252489,148.9,123525,128964,37.4,40.1,38.8,162781,0.645,6GHOB Greater Hobart,TAS
601,Hobart,2023,253984,149.8,123941,129713,37.7,40.3,38.9,163484,0.645,6GHOB Greater Hobart,TAS
602,Launceston and North East,2019,149534,7.5,74311,75223,41.5,44.0,42.8,93013,0.622,6RTAS Rest of TAS,TAS
602,Launceston and North East,2020,152051,7.6,75845,76206,41.6,44.2,42.9,94145,0.619,6RTAS Rest of TAS,TAS
602,Launceston and North East,2021,154726,7.7,77332,77394,41.5,44.2,42.9,95530,0.617,6RTAS Rest of TAS,TAS
602,Launceston and North East,2022,155541,7.8,77659,77882,41.7,44.5,43.2,95650,0.615,6RTAS Rest of TAS,TAS
602,Launceston and North East,2023,156041,7.8,77793,78101,41.8,44.6,43.3,95502,0.613,6RTAS Rest of TAS,TAS
603,South East,2019,40490,1.7,20874,19616,48.2,47.9,48.0,24764,0.612,1RNSW Rest of NSW,NSW
603,South East,2020,41655,1.7,21528,20127,48.5,48.1,48.3,25353,0.609,1RNSW Rest of NSW,NSW
603,South East,2021,42790,1.8,22208,20582,48.6,48.2,48.4,25997,0.608,1RNSW Rest of NSW,NSW
603,South East,2022,43466,1.8,22545,20921,48.9,48.3,48.7,26291,0.605,1RNSW Rest of NSW,NSW
603,South East,2023,43846,1.8,22785,21033,49.2,48.9,49.0,26246,0.599,1RNSW Rest of NSW,NSW
604,West and North West,2019,115319,5.1,57054,58265,43.7,45.4,44.5,70300,0.61,6RTAS Rest of TAS,TAS
604,West and North West,2020,117013,5.2,58064,58949,44.0,45.6,44.8,70905,0.606,6RTAS Rest of TAS,TAS
604,West and North West,2021,119006,5.3,59212,59794,43.9,45.8,44.8,71957,0.605,6RTAS Rest of TAS,TAS
604,West and North West,2022,119555,5.3,59430,60125,44.1,46.0,45.1,71949,0.602,6RTAS Rest of TAS,TAS
604,West and North West,2023,119867,5.3,59513,60277,44.2,46.2,45.2,71640,0.598,6RTAS Rest of TAS,TAS
701,Darwin,2019,147251,46.5,76540,70711,34.1,33.9,34.0,104382,0.7090000000000001,7GDAR Greater Darwin,NT
701,Darwin,2020,147673,46.6,76318,71355,34.3,34.3,34.3,103990,0.7040000000000001,7GDAR Greater Darwin,NT
701,Darwin,2021,147971,46.7,76275,71696,34.5,34.6,34.5,103576,0.7,7GDAR Greater Darwin,NT
701,Darwin,2022,149154,47.1,76617,72537,34.5,34.6,34.5,104133,0.698,7GDAR Greater Darwin,NT
701,Darwin,2023,151122,47.7,77111,73625,34.6,34.6,34.6,105520,0.7,7GDAR Greater Darwin,NT
702,Northern Territory - Outback,2019,99308,0.1,49749,49559,30.9,31.7,31.3,69678,0.7020000000000001,7RNTE Rest of NT,NT
702,Northern Territory - Outback,2020,99755,0.1,49695,50060,31.2,31.9,31.6,69971,0.701,7RNTE Rest of NT,NT
702,Northern Territory - Outback,2021,100180,0.1,49891,50289,31.3,32.2,31.8,70306,0.7020000000000001,7RNTE Rest of NT,NT
702,Northern Territory - Outback,2022,101074,0.1,50383,50691,31.8,32.4,32.1,71136,0.7040000000000001,7RNTE Rest of NT,NT
702,Northern Territory - Outback,2023,101940,0.1,50710,51083,32.0,32.6,32.3,71822,0.706,7RNTE Rest of NT,NT
801,Australian Capital Territory,2019,435730,184.8,215222,220508,34.4,35.6,35.0,298244,0.684,8ACTE,ACT
801,Australian Capital Territory,2020,444903,188.7,219576,225327,34.6,36.0,35.3,303346,0.682,8ACTE,ACT
801,Australian Capital Territory,2021,452508,191.9,223361,229147,34.7,36.2,35.4,308608,0.682,8ACTE,ACT
801,Australian Capital Territory,2022,456915,193.8,225599,231316,34.8,36.3,35.6,311676,0.682,8ACTE,ACT
801,Australian Capital Territory,2023,466359,197.8,230321,236245,34.8,36.3,35.6,319551,0.685,8ACTE,ACT
901,Other Territories,2019,4776,18.7,2536,2240,42.5,44.4,43.4,3134,0.6559999999999999,9OTER,OTER
901,Other Territories,2020,4803,18.8,2551,2252,42.6,44.9,43.7,3110,0.648,9OTER,OTER
901,Other Territories,2021,4850,19.0,2565,2285,42.5,44.9,43.6,3091,0.637,9OTER,OTER
901,Other Territories,2022,4920,19.2,2595,2325,42.8,44.8,43.8,3126,0.635,9OTER,OTER
901,Other Territories,2023,4967,19.4,2624,2346,43.4,45.1,44.3,3123,0.628,9OTER,OTER
